This is LuaHBTeX, Version 1.24.0 (TeX Live 2026)  (format=lualatex 2026.3.11)  12 JUN 2026 21:59
 system commands enabled.
 file:line:error style messages enabled.
**main.tex
(./main.tex
LaTeX2e <2025-11-01>
L3 programming layer <2026-01-19>
Lua module: luaotfload 2024-12-03 v3.29 Lua based OpenType font support
Lua module: lualibs 2023-07-13 v2.76 ConTeXt Lua standard libraries.
Lua module: lualibs-extended 2023-07-13 v2.76 ConTeXt Lua libraries -- extended collection.
luaotfload | conf : Root cache directory is "/Users/knomoto1728/Library/texlive/2026/texmf-var/luatex-cache/generic/names".
luaotfload | init : Loading fontloader "fontloader-2023-12-28.lua" from kpse-resolved path "/usr/local/texlive/2026/texmf-dist/tex/luatex/luaotfload/fontloader-2023-12-28.lua".
Lua-only attribute luaotfload@noligature = 1
luaotfload | init : Context OpenType loader version 3.134
Inserting `luaotfload.node_processor' in `pre_linebreak_filter'.
Inserting `luaotfload.node_processor' in `hpack_filter'.
Inserting `luaotfload.glyph_stream' in `glyph_stream_provider'.
Inserting `luaotfload.define_font' in `define_font'.
Lua-only attribute luaotfload_color_attribute = 2
luaotfload | conf : Root cache directory is "/Users/knomoto1728/Library/texlive/2026/texmf-var/luatex-cache/generic/names".
Inserting `luaotfload.harf.strip_prefix' in `find_opentype_file'.
Inserting `luaotfload.harf.strip_prefix' in `find_truetype_file'.
Removing  `luaotfload.glyph_stream' from `glyph_stream_provider'.
Inserting `luaotfload.harf.glyphstream' in `glyph_stream_provider'.
Inserting `luaotfload.harf.finalize_vlist' in `post_linebreak_filter'.
Inserting `luaotfload.harf.finalize_hlist' in `hpack_filter'.
Inserting `luaotfload.cleanup_files' in `wrapup_run'.
Inserting `luaotfload.harf.finalize_unicode' in `finish_pdffile'.
Inserting `luaotfload.glyphinfo' in `glyph_info'.
Lua-only attribute luaotfload.letterspace_done = 3
Inserting `luaotfload.aux.set_sscale_dimens' in `luaotfload.patch_font'.
Inserting `luaotfload.aux.set_font_index' in `luaotfload.patch_font'.
Inserting `luaotfload.aux.patch_cambria_domh' in `luaotfload.patch_font'.
Inserting `luaotfload.aux.fixup_fontdata' in `luaotfload.patch_font_unsafe'.
Inserting `luaotfload.aux.set_capheight' in `luaotfload.patch_font'.
Inserting `luaotfload.aux.set_xheight' in `luaotfload.patch_font'.
Inserting `luaotfload.rewrite_fontname' in `luaotfload.patch_font'.
Inserting `tracingstacklevels' in `input_level_string'. (/usr/local/texlive/2026/texmf-dist/tex/latex/jlreq/jlreq.cls
Document Class: jlreq 2025/3/16 jlreq
(/usr/local/texlive/2026/texmf-dist/tex/latex/jlreq/jlreq-helpers.sty
Package: jlreq-helpers 2024/02/13 jlreq-helpers
\jlreq@tempcnta=\count273
\jlreq@tempcntb=\count274
\jlreq@tempcntc=\count275
\jlreq@tempdima=\dimen147
\jlreq@tempdimb=\dimen148
\jlreq@tempdimc=\dimen149
\jlreq@tempskipa=\skip49
\jlreq@tempskipb=\skip50
\jlreq@tempskipc=\skip51
\jlreq@tempboxa=\box53
\jlreq@tempboxb=\box54
\jlreq@tempboxc=\box55
\jlreq@resultdimen=\dimen150
\jlreq@resultskip=\skip52
\jlreq@resultbox=\box56
\jlreq@resultcnt=\count276
\jlreq@reference@count=\count277
\jlreq@currentpage=\count278
)
\l__jlreq_tmpa_int=\count279
\l__jlreq_tmpb_int=\count280
\l__jlreq_tmpc_int=\count281
\l__jlreq_tmpa_dim=\dimen151
\l__jlreq_tmpb_dim=\dimen152
\l__jlreq_tmpc_dim=\dimen153
\l__jlreq_tmpa_skip=\skip53
\l__jlreq_tmpb_skip=\skip54
\l__jlreq_tmpc_skip=\skip55
\l__jlreq_tmpa_box=\box57
\l__jlreq_tmpb_box=\box58
\l__jlreq_tmpc_box=\box59
 jlreq guessed engine: lualatex (/usr/local/texlive/2026/texmf-dist/tex/luatex/luatexja/luatexja.sty
Package: luatexja 2026-01-30 Japanese Typesetting with Lua(La)TeX
 (/usr/local/texlive/2026/texmf-dist/tex/luatex/luatexja/luatexja-core.sty
Package: luatexja-core 2023-10-07 Core of LuaTeX-ja
 (/usr/local/texlive/2026/texmf-dist/tex/generic/infwarerr/infwarerr.sty
Package: infwarerr 2019/12/03 v1.5 Providing info/warning/error messages (HO)
) (/usr/local/texlive/2026/texmf-dist/tex/luatex/luatexbase/luatexbase.sty
Package: luatexbase 2015/10/04 v1.3 luatexbase interface to LuaTeX 
 (/usr/local/texlive/2026/texmf-dist/tex/luatex/ctablestack/ctablestack.sty
Package: ctablestack 2015/10/01 v1.0 Catcode table stable support
\@catcodetablestackcnt=\count282
)
\CatcodeTableOther=\catcodetable14
\CatcodeTableExpl=\catcodetable15
) (/usr/local/texlive/2026/texmf-dist/tex/generic/ltxcmds/ltxcmds.sty
Package: ltxcmds 2023-12-04 v1.26 LaTeX kernel commands for general use (HO)
) (/usr/local/texlive/2026/texmf-dist/tex/generic/pdftexcmds/pdftexcmds.sty
Package: pdftexcmds 2020-06-27 v0.33 Utility functions of pdfTeX for LuaTeX (HO)
 (/usr/local/texlive/2026/texmf-dist/tex/generic/iftex/iftex.sty
Package: iftex 2024/12/12 v1.0g TeX engine tests
)
Package pdftexcmds Info: \pdf@primitive is available.
Package pdftexcmds Info: \pdf@ifprimitive is available.
Package pdftexcmds Info: \pdfdraftmode found.
\pdftexcmds@toks=\toks17
) (/usr/local/texlive/2026/texmf-dist/tex/latex/xkeyval/xkeyval.sty
Package: xkeyval 2025/11/04 v2.10 package option processing (HA)
 (/usr/local/texlive/2026/texmf-dist/tex/generic/xkeyval/xkeyval.tex (/usr/local/texlive/2026/texmf-dist/tex/generic/xkeyval/xkvutils.tex
\XKV@toks=\toks18
\XKV@tempa@toks=\toks19
\XKV@tempb@toks=\toks20
 (/usr/local/texlive/2026/texmf-dist/tex/generic/xkeyval/keyval.tex))
\XKV@depth=\count283
File: xkeyval.tex 2014/12/03 v2.7a key=value parser (HA)
)) (/usr/local/texlive/2026/texmf-dist/tex/latex/etoolbox/etoolbox.sty
Package: etoolbox 2025/10/02 v2.5m e-TeX tools for LaTeX (JAW)
\etb@tempcnta=\count284
) (/usr/local/texlive/2026/texmf-dist/tex/latex/everyhook/everyhook.sty (/usr/local/texlive/2026/texmf-dist/tex/latex/svn-prov/svn-prov.sty
Package: svn-prov 2010/04/24 v3.1862 Package Date/Version from SVN Keywords
)
Package: everyhook 2014/11/26 v1.2 (SVN Rev: 12)\ Hooks for low level TeX everyX primitives.
\everypar=\toks21
\frozen@everymath=\toks22
\frozen@everydisplay=\toks23
\everyhbox=\toks24
\everyvbox=\toks25
\everycr=\toks26
)
\ltjlineendcomment=\count285
\ltj@dimen@zw=\dimen154
\ltj@dimen@zh=\dimen155
\ltj@dimen@jQ=\dimen156
\ltj@icflag=\attribute4
\ltj@curjfnt=\attribute5
\ltj@curtfnt=\attribute6
\ltj@charclass=\attribute7
\ltj@charcode=\attribute8
\ltj@autospc=\attribute9
\ltj@autoxspc=\attribute10
\ltj@yablshift=\attribute11
\ltj@ykblshift=\attribute12
\ltj@tablshift=\attribute13
\ltj@tkblshift=\attribute14
\jfam=\attribute15
\ltj@vert@ori=\attribute16
\ltj@dir=\attribute17
\ltj@@japanese=\language2
\ltj@tempcnta=\count286
\ltj@tempdima=\dimen157
\ltj@@stack=\count287
\ltj@@group@level=\count288
\ltj@kcat0=\attribute18
\ltj@kcat1=\attribute19
\ltj@kcat2=\attribute20
\ltj@kcat3=\attribute21
\ltj@kcat4=\attribute22
\ltj@kcat5=\attribute23
\ltj@kcat6=\attribute24
Custom whatsit inhibitglue = 1
Custom whatsit stack_marker = 2
Custom whatsit begin_par = 3
Custom whatsit direction = 4
Custom whatsit box_boundary = 5
Custom whatsit ja_al_boundary = 6
Module luatexbase Info: Uninstalling kernel luatexbase code on input line 184
(load cache: ltj-cid-auto-adobe-japan1.luc)
Lua module: luatexja.charrange 2022-08-19 Handling the range of Japanese characters
Lua module: luatexja.stack 2022-08-20 LuaTeX-ja stack system
Inserting `ltj.create_dir_whatsit' in `hpack_filter'.
Inserting `ltj.create_dir_whatsit' in `post_linebreak_filter'.
Inserting `ltj.direction' in `vpack_filter'.
Inserting `ltj.direction' in `pre_output_filter'.
Inserting `ltj.lineskip' in `post_linebreak_filter'.
Inserting `ltj.lineskip' in `append_to_vlist_filter'.
Lua module: luatexja.jfont 2025-05-04 Loader for Japanese fonts
Removing  `luaotfload.define_font' from `define_font'.
Inserting `luatexja.font_callback' in `define_font'.
Removing  `luaotfload.aux.set_sscale_dimens' from `luaotfload.patch_font'.
Removing  `luaotfload.aux.set_font_index' from `luaotfload.patch_font'.
Removing  `luaotfload.aux.patch_cambria_domh' from `luaotfload.patch_font'.
Removing  `luaotfload.aux.set_capheight' from `luaotfload.patch_font'.
Removing  `luaotfload.aux.set_xheight' from `luaotfload.patch_font'.
Removing  `luaotfload.rewrite_fontname' from `luaotfload.patch_font'.
Inserting `ltj.prepare_extra_data' in `luaotfload.patch_font'.
Inserting `luaotfload.aux.set_sscale_dimens' in `luaotfload.patch_font'.
Inserting `luaotfload.aux.set_font_index' in `luaotfload.patch_font'.
Inserting `luaotfload.aux.patch_cambria_domh' in `luaotfload.patch_font'.
Inserting `luaotfload.aux.set_capheight' in `luaotfload.patch_font'.
Inserting `luaotfload.aux.set_xheight' in `luaotfload.patch_font'.
Inserting `luaotfload.rewrite_fontname' in `luaotfload.patch_font'.
Inserting `ltj.prepare_extra_data' in `luatexja.define_font'.
Inserting `ltj.get_vert_form' in `luatexja.define_jfont'.
Removing  `ltj.prepare_extra_data' from `luaotfload.patch_font'.
Removing  `luaotfload.aux.set_sscale_dimens' from `luaotfload.patch_font'.
Removing  `luaotfload.aux.set_font_index' from `luaotfload.patch_font'.
Removing  `luaotfload.aux.patch_cambria_domh' from `luaotfload.patch_font'.
Removing  `luaotfload.aux.set_capheight' from `luaotfload.patch_font'.
Removing  `luaotfload.aux.set_xheight' from `luaotfload.patch_font'.
Removing  `luaotfload.rewrite_fontname' from `luaotfload.patch_font'.
Inserting `ltj.supply_tounicode' in `luaotfload.patch_font'.
Inserting `ltj.prepare_extra_data' in `luaotfload.patch_font'.
Inserting `luaotfload.aux.set_sscale_dimens' in `luaotfload.patch_font'.
Inserting `luaotfload.aux.set_font_index' in `luaotfload.patch_font'.
Inserting `luaotfload.aux.patch_cambria_domh' in `luaotfload.patch_font'.
Inserting `luaotfload.aux.set_capheight' in `luaotfload.patch_font'.
Inserting `luaotfload.aux.set_xheight' in `luaotfload.patch_font'.
Inserting `luaotfload.rewrite_fontname' in `luaotfload.patch_font'.
Inserting `ltj.process_input_buffer' in `process_input_buffer'.
Inserting `ltj.hyphenate' in `hyphenate'.
Removing  `luaotfload.node_processor' from `hpack_filter'.
Removing  `luaotfload.harf.finalize_hlist' from `hpack_filter'.
Removing  `ltj.create_dir_whatsit' from `hpack_filter'.
Inserting `ltj.set_stack_level' in `hpack_filter'.
Inserting `luaotfload.node_processor' in `hpack_filter'.
Inserting `luaotfload.harf.finalize_hlist' in `hpack_filter'.
Inserting `ltj.create_dir_whatsit' in `hpack_filter'.
Removing  `luaotfload.node_processor' from `pre_linebreak_filter'.
Inserting `ltj.set_stack_level' in `pre_linebreak_filter'.
Inserting `luaotfload.node_processor' in `pre_linebreak_filter'.
Lua module: luatexja.jfmglue 2026-01-07 Insertion process of JFM glues, [x]kanjiskip and others
Inserting `luatexja.beginpar.np_info' in `luatexja.jfmglue.whatsit_getinfo'.
Inserting `luatexja.beginpar.np_info_after' in `luatexja.jfmglue.whatsit_after'.
Inserting `ltj.mlist_to_hlist_pre' in `pre_mlist_to_hlist_filter'.
Inserting `ltj.main' in `pre_linebreak_filter'.
Removing  `luaotfload.harf.finalize_hlist' from `hpack_filter'.
Removing  `ltj.create_dir_whatsit' from `hpack_filter'.
Inserting `ltj.main' in `hpack_filter'.
Inserting `luaotfload.harf.finalize_hlist' in `hpack_filter'.
Inserting `ltj.create_dir_whatsit' in `hpack_filter'.
Removing  `ltj.set_stack_level' from `pre_linebreak_filter'.
Removing  `luaotfload.node_processor' from `pre_linebreak_filter'.
Removing  `ltj.main' from `pre_linebreak_filter'.
Inserting `ltj.adjust_icflag' in `pre_linebreak_filter'.
Inserting `ltj.set_stack_level' in `pre_linebreak_filter'.
Inserting `luaotfload.node_processor' in `pre_linebreak_filter'.
Inserting `ltj.main' in `pre_linebreak_filter'.
Removing  `ltj.set_stack_level' from `hpack_filter'.
Removing  `luaotfload.node_processor' from `hpack_filter'.
Removing  `ltj.main' from `hpack_filter'.
Removing  `luaotfload.harf.finalize_hlist' from `hpack_filter'.
Removing  `ltj.create_dir_whatsit' from `hpack_filter'.
Inserting `ltj.adjust_icflag' in `hpack_filter'.
Inserting `ltj.set_stack_level' in `hpack_filter'.
Inserting `luaotfload.node_processor' in `hpack_filter'.
Inserting `ltj.main' in `hpack_filter'.
Inserting `luaotfload.harf.finalize_hlist' in `hpack_filter'.
Inserting `ltj.create_dir_whatsit' in `hpack_filter'. (/usr/local/texlive/2026/texmf-dist/tex/luatex/luatexja/ltj-base.sty
Package: ltj-base 2021-03-16
\ltj@tempcntb=\count289
\ltj@tempcntc=\count290
\ltj@afbox=\box60
)
\ltj@@italic@inner=\luafunction31
\ltj@@start@time@measure@inner=\luafunction32
\ltj@@stop@time@measure@inner=\luafunction33
\ltj@@jfont@inner=\luafunction34
\ltj@zw@inner=\luafunction35
\ltj@zh@inner=\luafunction36
\ltj@reset@globaldefs@inner=\luafunction37
\ltj@restore@globaldefs@inner=\luafunction38
\ltj@@disihb@inner=\luafunction39
\ltj@@ihb@inner=\luafunction40
\ltj@@fakeparbegin@inner=\luafunction41
\ltj@@fakeboxbdd@inner=\luafunction42
\ltj@@ins@xk@inner=\luafunction43
\ltj@@ins@k@inner=\luafunction44
\ltjsetkanjiskip@inner=\luafunction45
\ltjsetxkanjiskip@inner=\luafunction46
\ltj@@getparam@one@inner=\luafunction47
\ltj@alljachar@inner=\luafunction48
\ltj@@lua@populate@insertwhatsit@inner=\luafunction49
\ltj@@vadjust@begin@inner=\luafunction50
\ltj@@vadjust@dirhook@inner=\luafunction51
\ltj@@vadjust@check@dir@inner=\luafunction52
\ltj@@box@dirhook@inner=\luafunction53
\ltj@@reset@badness@inner=\luafunction54
\ltj@@lua@raisebox@inner=\luafunction55
\ltj@@vsplit@inner=\luafunction56
\ltj@@lua@unboxcheckdir@inner=\luafunction57
\ltj@@lua@uncopycheckdir@inner=\luafunction58
\ltj@@lua@uncopy@restore@whatsit@inner=\luafunction59
(load cache: ltj-kinsoku_default.luc) (/usr/local/texlive/2026/texmf-dist/tex/luatex/luatexja/ltj-latex.sty
Package: ltj-latex 2025-06-08 LaTeX support of LuaTeX-ja
Inserting `ltj.direction' in `pre_shipout_filter'. (/usr/local/texlive/2026/texmf-dist/tex/luatex/luatexja/patches/lltjfont.sty
Package: lltjfont 2025-10-26 Patch to NFSS2 for LuaTeX-ja
\ltj@@latex@plv=\count291
 (/usr/local/texlive/2026/texmf-dist/tex/latex/base/tuenc.def
File: tuenc.def 2025/07/18 v2.1d Standard LaTeX file
\@remove@tlig@@@=\luafunction60
LaTeX Font Info:    Redeclaring font encoding TU on input line 105.
LaTeX Encoding Info:    Redeclaring text command \textquotesingle (encoding TU) on input line 148.
LaTeX Encoding Info:    Redeclaring text command \textasciigrave (encoding TU) on input line 149.
LaTeX Encoding Info:    Redeclaring text command \textquotedbl (encoding TU) on input line 150.
LaTeX Encoding Info:    Redeclaring text command \textdollar (encoding TU) on input line 151.
LaTeX Encoding Info:    Redeclaring text command \textless (encoding TU) on input line 152.
LaTeX Encoding Info:    Redeclaring text command \textgreater (encoding TU) on input line 153.
LaTeX Encoding Info:    Redeclaring text command \textbackslash (encoding TU) on input line 154.
LaTeX Encoding Info:    Redeclaring text command \textasciicircum (encoding TU) on input line 155.
LaTeX Encoding Info:    Redeclaring text command \textunderscore (encoding TU) on input line 156.
LaTeX Encoding Info:    Redeclaring text command \textbraceleft (encoding TU) on input line 157.
LaTeX Encoding Info:    Redeclaring text command \textbar (encoding TU) on input line 158.
LaTeX Encoding Info:    Redeclaring text command \textbraceright (encoding TU) on input line 159.
LaTeX Encoding Info:    Redeclaring text command \textasciitilde (encoding TU) on input line 160.
LaTeX Encoding Info:    Redeclaring text command \textexclamdown (encoding TU) on input line 161.
LaTeX Encoding Info:    Redeclaring text command \textcent (encoding TU) on input line 162.
LaTeX Encoding Info:    Redeclaring text command \textsterling (encoding TU) on input line 163.
LaTeX Encoding Info:    Redeclaring text command \textcurrency (encoding TU) on input line 164.
LaTeX Encoding Info:    Redeclaring text command \textyen (encoding TU) on input line 165.
LaTeX Encoding Info:    Redeclaring text command \textbrokenbar (encoding TU) on input line 166.
LaTeX Encoding Info:    Redeclaring text command \textsection (encoding TU) on input line 167.
LaTeX Encoding Info:    Redeclaring text command \textasciidieresis (encoding TU) on input line 168.
LaTeX Encoding Info:    Redeclaring text command \textcopyright (encoding TU) on input line 169.
LaTeX Encoding Info:    Redeclaring text command \textordfeminine (encoding TU) on input line 170.
LaTeX Encoding Info:    Redeclaring text command \guillemetleft (encoding TU) on input line 171.
LaTeX Encoding Info:    Redeclaring text command \guillemotleft (encoding TU) on input line 172.
LaTeX Encoding Info:    Redeclaring text command \textlnot (encoding TU) on input line 173.
LaTeX Encoding Info:    Redeclaring text command \textregistered (encoding TU) on input line 174.
LaTeX Encoding Info:    Redeclaring text command \textasciimacron (encoding TU) on input line 175.
LaTeX Encoding Info:    Redeclaring text command \textdegree (encoding TU) on input line 176.
LaTeX Encoding Info:    Redeclaring text command \textpm (encoding TU) on input line 177.
LaTeX Encoding Info:    Redeclaring text command \texttwosuperior (encoding TU) on input line 178.
LaTeX Encoding Info:    Redeclaring text command \textthreesuperior (encoding TU) on input line 179.
LaTeX Encoding Info:    Redeclaring text command \textasciiacute (encoding TU) on input line 180.
LaTeX Encoding Info:    Redeclaring text command \textmu (encoding TU) on input line 181.
LaTeX Encoding Info:    Redeclaring text command \textparagraph (encoding TU) on input line 182.
LaTeX Encoding Info:    Redeclaring text command \textperiodcentered (encoding TU) on input line 183.
LaTeX Encoding Info:    Redeclaring text command \textonesuperior (encoding TU) on input line 184.
LaTeX Encoding Info:    Redeclaring text command \textordmasculine (encoding TU) on input line 185.
LaTeX Encoding Info:    Redeclaring text command \guillemetright (encoding TU) on input line 186.
LaTeX Encoding Info:    Redeclaring text command \guillemotright (encoding TU) on input line 187.
LaTeX Encoding Info:    Redeclaring text command \textonequarter (encoding TU) on input line 188.
LaTeX Encoding Info:    Redeclaring text command \textonehalf (encoding TU) on input line 189.
LaTeX Encoding Info:    Redeclaring text command \textthreequarters (encoding TU) on input line 190.
LaTeX Encoding Info:    Redeclaring text command \textquestiondown (encoding TU) on input line 191.
LaTeX Encoding Info:    Redeclaring text command \AE (encoding TU) on input line 192.
LaTeX Encoding Info:    Redeclaring text command \DH (encoding TU) on input line 193.
LaTeX Encoding Info:    Redeclaring text command \texttimes (encoding TU) on input line 194.
LaTeX Encoding Info:    Redeclaring text command \O (encoding TU) on input line 195.
LaTeX Encoding Info:    Redeclaring text command \TH (encoding TU) on input line 196.
LaTeX Encoding Info:    Redeclaring text command \ss (encoding TU) on input line 197.
LaTeX Encoding Info:    Redeclaring text command \ae (encoding TU) on input line 198.
LaTeX Encoding Info:    Redeclaring text command \dh (encoding TU) on input line 199.
LaTeX Encoding Info:    Redeclaring text command \textdiv (encoding TU) on input line 200.
LaTeX Encoding Info:    Redeclaring text command \o (encoding TU) on input line 201.
LaTeX Encoding Info:    Redeclaring text command \th (encoding TU) on input line 202.
LaTeX Encoding Info:    Redeclaring text command \DJ (encoding TU) on input line 203.
LaTeX Encoding Info:    Redeclaring text command \dj (encoding TU) on input line 204.
LaTeX Encoding Info:    Redeclaring text command \i (encoding TU) on input line 205.
LaTeX Encoding Info:    Redeclaring text command \IJ (encoding TU) on input line 206.
LaTeX Encoding Info:    Redeclaring text command \ij (encoding TU) on input line 207.
LaTeX Encoding Info:    Redeclaring text command \L (encoding TU) on input line 208.
LaTeX Encoding Info:    Redeclaring text command \l (encoding TU) on input line 209.
LaTeX Encoding Info:    Redeclaring text command \NG (encoding TU) on input line 210.
LaTeX Encoding Info:    Redeclaring text command \ng (encoding TU) on input line 211.
LaTeX Encoding Info:    Redeclaring text command \OE (encoding TU) on input line 212.
LaTeX Encoding Info:    Redeclaring text command \oe (encoding TU) on input line 213.
LaTeX Encoding Info:    Redeclaring text command \textflorin (encoding TU) on input line 214.
LaTeX Encoding Info:    Redeclaring text command \j (encoding TU) on input line 215.
LaTeX Encoding Info:    Redeclaring text command \textasciicaron (encoding TU) on input line 216.
LaTeX Encoding Info:    Redeclaring text command \textasciibreve (encoding TU) on input line 217.
LaTeX Encoding Info:    Redeclaring text command \textacutedbl (encoding TU) on input line 218.
LaTeX Encoding Info:    Redeclaring text command \textgravedbl (encoding TU) on input line 219.
LaTeX Encoding Info:    Redeclaring text command \texttildelow (encoding TU) on input line 220.
LaTeX Encoding Info:    Redeclaring text command \textbaht (encoding TU) on input line 221.
LaTeX Encoding Info:    Redeclaring text command \SS (encoding TU) on input line 222.
LaTeX Encoding Info:    Redeclaring text command \textcompwordmark (encoding TU) on input line 223.
LaTeX Encoding Info:    Redeclaring text command \textendash (encoding TU) on input line 224.
LaTeX Encoding Info:    Redeclaring text command \textemdash (encoding TU) on input line 225.
LaTeX Encoding Info:    Redeclaring text command \textnonbreakinghyphen (encoding TU) on input line 226.
LaTeX Encoding Info:    Redeclaring text command \textfiguredash (encoding TU) on input line 228.
LaTeX Encoding Info:    Redeclaring text command \texthorizontalbar (encoding TU) on input line 230.
LaTeX Encoding Info:    Redeclaring text command \textbardbl (encoding TU) on input line 232.
LaTeX Encoding Info:    Redeclaring text command \textquoteleft (encoding TU) on input line 233.
LaTeX Encoding Info:    Redeclaring text command \textquoteright (encoding TU) on input line 234.
LaTeX Encoding Info:    Redeclaring text command \quotesinglbase (encoding TU) on input line 235.
LaTeX Encoding Info:    Redeclaring text command \textquotedblleft (encoding TU) on input line 236.
LaTeX Encoding Info:    Redeclaring text command \textquotedblright (encoding TU) on input line 237.
LaTeX Encoding Info:    Redeclaring text command \quotedblbase (encoding TU) on input line 238.
LaTeX Encoding Info:    Redeclaring text command \textdagger (encoding TU) on input line 239.
LaTeX Encoding Info:    Redeclaring text command \textdaggerdbl (encoding TU) on input line 240.
LaTeX Encoding Info:    Redeclaring text command \textbullet (encoding TU) on input line 241.
LaTeX Encoding Info:    Redeclaring text command \textellipsis (encoding TU) on input line 242.
LaTeX Encoding Info:    Redeclaring text command \textperthousand (encoding TU) on input line 243.
LaTeX Encoding Info:    Redeclaring text command \textpertenthousand (encoding TU) on input line 244.
LaTeX Encoding Info:    Redeclaring text command \guilsinglleft (encoding TU) on input line 245.
LaTeX Encoding Info:    Redeclaring text command \guilsinglright (encoding TU) on input line 246.
LaTeX Encoding Info:    Redeclaring text command \textreferencemark (encoding TU) on input line 247.
LaTeX Encoding Info:    Redeclaring text command \textinterrobang (encoding TU) on input line 248.
LaTeX Encoding Info:    Redeclaring text command \textfractionsolidus (encoding TU) on input line 249.
LaTeX Encoding Info:    Redeclaring text command \textlquill (encoding TU) on input line 250.
LaTeX Encoding Info:    Redeclaring text command \textrquill (encoding TU) on input line 251.
LaTeX Encoding Info:    Redeclaring text command \textdiscount (encoding TU) on input line 252.
LaTeX Encoding Info:    Redeclaring text command \textcolonmonetary (encoding TU) on input line 253.
LaTeX Encoding Info:    Redeclaring text command \textlira (encoding TU) on input line 254.
LaTeX Encoding Info:    Redeclaring text command \textnaira (encoding TU) on input line 255.
LaTeX Encoding Info:    Redeclaring text command \textwon (encoding TU) on input line 256.
LaTeX Encoding Info:    Redeclaring text command \textdong (encoding TU) on input line 257.
LaTeX Encoding Info:    Redeclaring text command \texteuro (encoding TU) on input line 258.
LaTeX Encoding Info:    Redeclaring text command \textpeso (encoding TU) on input line 259.
LaTeX Encoding Info:    Redeclaring text command \textcelsius (encoding TU) on input line 260.
LaTeX Encoding Info:    Redeclaring text command \textnumero (encoding TU) on input line 261.
LaTeX Encoding Info:    Redeclaring text command \textcircledP (encoding TU) on input line 262.
LaTeX Encoding Info:    Redeclaring text command \textrecipe (encoding TU) on input line 263.
LaTeX Encoding Info:    Redeclaring text command \textservicemark (encoding TU) on input line 264.
LaTeX Encoding Info:    Redeclaring text command \texttrademark (encoding TU) on input line 265.
LaTeX Encoding Info:    Redeclaring text command \textohm (encoding TU) on input line 266.
LaTeX Encoding Info:    Redeclaring text command \textmho (encoding TU) on input line 267.
LaTeX Encoding Info:    Redeclaring text command \textestimated (encoding TU) on input line 268.
LaTeX Encoding Info:    Redeclaring text command \textleftarrow (encoding TU) on input line 269.
LaTeX Encoding Info:    Redeclaring text command \textuparrow (encoding TU) on input line 270.
LaTeX Encoding Info:    Redeclaring text command \textrightarrow (encoding TU) on input line 271.
LaTeX Encoding Info:    Redeclaring text command \textdownarrow (encoding TU) on input line 272.
LaTeX Encoding Info:    Redeclaring text command \textminus (encoding TU) on input line 273.
LaTeX Encoding Info:    Redeclaring text command \Hwithstroke (encoding TU) on input line 275.
LaTeX Encoding Info:    Redeclaring text command \hwithstroke (encoding TU) on input line 276.
LaTeX Encoding Info:    Redeclaring text command \textasteriskcentered (encoding TU) on input line 277.
LaTeX Encoding Info:    Redeclaring text command \textsurd (encoding TU) on input line 288.
LaTeX Encoding Info:    Redeclaring text command \textlangle (encoding TU) on input line 289.
LaTeX Encoding Info:    Redeclaring text command \textrangle (encoding TU) on input line 290.
LaTeX Encoding Info:    Redeclaring text command \textblank (encoding TU) on input line 291.
LaTeX Encoding Info:    Redeclaring text command \textvisiblespace (encoding TU) on input line 292.
LaTeX Encoding Info:    Redeclaring text command \textopenbullet (encoding TU) on input line 293.
LaTeX Encoding Info:    Redeclaring text command \textbigcircle (encoding TU) on input line 294.
LaTeX Encoding Info:    Redeclaring text command \textmusicalnote (encoding TU) on input line 295.
LaTeX Encoding Info:    Redeclaring text command \textmarried (encoding TU) on input line 296.
LaTeX Encoding Info:    Redeclaring text command \textdivorced (encoding TU) on input line 297.
LaTeX Encoding Info:    Redeclaring text command \textinterrobangdown (encoding TU) on input line 298.
LaTeX Encoding Info:    Redeclaring text command \` (encoding TU) on input line 299.
LaTeX Encoding Info:    Redeclaring text command \' (encoding TU) on input line 300.
LaTeX Encoding Info:    Redeclaring text command \^ (encoding TU) on input line 301.
LaTeX Encoding Info:    Redeclaring text command \~ (encoding TU) on input line 302.
LaTeX Encoding Info:    Redeclaring text command \= (encoding TU) on input line 303.
LaTeX Encoding Info:    Redeclaring text command \u (encoding TU) on input line 304.
LaTeX Encoding Info:    Redeclaring text command \. (encoding TU) on input line 305.
LaTeX Encoding Info:    Redeclaring text command \" (encoding TU) on input line 306.
LaTeX Encoding Info:    Redeclaring text command \r (encoding TU) on input line 307.
LaTeX Encoding Info:    Redeclaring text command \H (encoding TU) on input line 308.
LaTeX Encoding Info:    Redeclaring text command \v (encoding TU) on input line 309.
LaTeX Encoding Info:    Redeclaring text command \b (encoding TU) on input line 310.
LaTeX Encoding Info:    Redeclaring text command \d (encoding TU) on input line 311.
LaTeX Encoding Info:    Redeclaring text command \c (encoding TU) on input line 312.
LaTeX Encoding Info:    Redeclaring text command \k (encoding TU) on input line 313.
LaTeX Encoding Info:    Redeclaring text command \textcommabelow (encoding TU) on input line 314.
)
\Cht=\dimen158
\cht=\dimen159
\Cdp=\dimen160
\cdp=\dimen161
\Cwd=\dimen162
\cwd=\dimen163
\Cvs=\dimen164
\cvs=\dimen165
\Chs=\dimen166
\chs=\dimen167
\cHT=\dimen168
\dstrutbox=\box61
\tstrutbox=\box62
\zstrutbox=\box63
LaTeX Info: Redefining \strut on input line 71.
\ltj@@add@fenc@@inner=\luafunction61
\ltj@@add@kyenc@@inner=\luafunction62
\ltj@@add@ktenc@@inner=\luafunction63
\ltj@@is@kyenc@@inner=\luafunction64
\ltj@@is@ktenc@@inner=\luafunction65
\ltj@@is@kenc@@inner=\luafunction66
\ltj@@is@ffam@@inner=\luafunction67
\ltj@@add@ffam@@inner=\luafunction68
\ltj@@add@kfam@@inner=\luafunction69
\ltj@@adjust@baseline@inner=\luafunction70
LaTeX Info: Redefining \fontencoding on input line 573.
LaTeX Info: Redefining \fontfamily on input line 619.
LaTeX Info: Redefining \fontseries on input line 813.
LaTeX Info: Redefining \fontseriesforce on input line 814.
LaTeX Info: Redefining \fontshape on input line 822.
LaTeX Info: Redefining \fontshapeforce on input line 833.
\ltj@@jfont@@jfmonly@@inner=\luafunction71
\ltj@@does@alt@set@@inner=\luafunction72
\ltj@@cipath@clear@inner=\luafunction73
) (/usr/local/texlive/2026/texmf-dist/tex/luatex/luatexja/patches/lltjdefs.sty
Package: lltjdefs 2024-05-16 Default font settings of LuaTeX-ja
luaotfload | db : Font names database loaded from /Users/knomoto1728/Library/texlive/2026/texmf-var/luatex-cache/generic/names/luaotfload-names.luc.gz(load cache: extra_lmroman10-regular.luc)
LaTeX Font Info:    Font shape `JT3/mc/m/n' will be
(Font)              scaled to size 9.6222pt on input line 69.

(/usr/local/texlive/2026/texmf-dist/tex/luatex/jlreq/jfm-jlreqv.lua)
LaTeX Font Info:    Font shape `JY3/mc/m/n' will be
(Font)              scaled to size 9.6222pt on input line 69.
(load cache: extra_haranoajimincho-regular.luc)
(/usr/local/texlive/2026/texmf-dist/tex/luatex/jlreq/jfm-jlreq.lua)
\symmincho=\mathgroup4
LaTeX Font Info:    Overwriting symbol font `mincho' in version `bold'
(Font)                  JY3/mc/m/n --> JY3/gt/m/n on input line 78.
) (/usr/local/texlive/2026/texmf-dist/tex/luatex/luatexja/patches/lltjcore.sty
Package: lltjcore 2025-06-12 Patch to LaTeX2e Kernel for LuaTeX-ja (for LaTeX2e >=2025-06-01)
 (/usr/local/texlive/2026/texmf-dist/tex/latex/l3kernel/expl3.sty
Package: expl3 2026-01-19 L3 programming layer (loader) 
 (/usr/local/texlive/2026/texmf-dist/tex/latex/l3backend/l3backend-luatex.def
File: l3backend-luatex.def 2025-10-09 L3 backend support: PDF output (LuaTeX)
\l__color_backend_stack_int=\count292
Inserting `l3color' in `luaotfload.parse_color'.))
\@tombowwidth=\dimen169
\@TL=\box64
\@Tl=\box65
\@TC=\box66
\@TR=\box67
\@Tr=\box68
\@BL=\box69
\@Bl=\box70
\@BC=\box71
\@BR=\box72
\@Br=\box73
\@CL=\box74
\@CR=\box75
(load cache: extra_lmmono9-regular.luc)
\@bannertoken=\toks27
\@@paperheight=\dimen170
\@@paperwidth=\dimen171
\@@topmargin=\dimen172
LaTeX Info: Redefining \underline on input line 300.
) (/usr/local/texlive/2026/texmf-dist/tex/luatex/luatexja/patches/lltjp-atbegshi.sty
Package: lltjp-atbegshi 2024-05-14 Patching \shipout hooks for LuaTeX-ja
\l__platex_shipout_dummy_box=\box76
) (/usr/local/texlive/2026/texmf-dist/tex/luatex/luatexja/patches/lltjp-geometry.sty
Package: lltjp-geometry 2024-05-16 Patch to geometry for LuaTeX-ja with vertical writing mode
 (/usr/local/texlive/2026/texmf-dist/tex/generic/iftex/ifluatex.sty
Package: ifluatex 2019/10/25 v1.5 ifluatex legacy package. Use iftex instead.
)))
\ltj@temp@cctb=\catcodetable16
) (/usr/local/texlive/2026/texmf-dist/tex/luatex/luatexja/luatexja-compat.sty
Package: luatexja-compat 2025-09-21 Compatibility with pTeX
(load cache: ltj-jisx0208.luc)
\hour=\count293
\minute=\count294
)) (/usr/local/texlive/2026/texmf-dist/tex/luatex/luatexja/addons/luatexja-adjust.sty
Package: luatexja-adjust 2022-02-11
Custom whatsit ghost of a jachar = 7
Removing  `luatexja.beginpar.np_info' from `luatexja.jfmglue.whatsit_getinfo'.
Inserting `ghost of a JACHAR' in `luatexja.jfmglue.whatsit_getinfo'.
Inserting `luatexja.beginpar.np_info' in `luatexja.jfmglue.whatsit_getinfo'.
Removing  `luatexja.beginpar.np_info_after' from `luatexja.jfmglue.whatsit_after'.
Inserting `ghost of a JACHAR' in `luatexja.jfmglue.whatsit_after'.
Inserting `luatexja.beginpar.np_info_after' in `luatexja.jfmglue.whatsit_after'.
\ltjadj@status@le=\count295
\ltjadj@status@lp=\count296
\ltjadj@status@pr=\count297
\ltjadj@status@ls=\count298
Inserting `Adjust width' in `pre_append_to_vlist_filter'.
\ltj@@ghost@jachar@inner@both=\luafunction74
\ltj@@ghost@jachar@inner@before=\luafunction75
\ltj@@ghost@jachar@inner@after=\luafunction76
)
Inserting `luatexja.adjust' in `luatexja.adjust_jfmglue'.
Inserting `luatexja.adjust' in `luatexja.adjust_jfmglue_tail'.
\jlreq@current@linewidth=\dimen173
\jlreq@rest@linewidth=\dimen174
\jlreq@lastnodechar=\count299
\jlreq@fontsize=\dimen175
\jlreq@jafontsize=\dimen176
 (/usr/local/texlive/2026/texmf-dist/tex/latex/lm/lmodern.sty
Package: lmodern 2015/05/01 v1.6.1 Latin Modern Fonts
LaTeX Font Info:    Overwriting symbol font `operators' in version `normal'
(Font)                  OT1/cmr/m/n --> OT1/lmr/m/n on input line 22.
LaTeX Font Info:    Overwriting symbol font `letters' in version `normal'
(Font)                  OML/cmm/m/it --> OML/lmm/m/it on input line 23.
LaTeX Font Info:    Overwriting symbol font `symbols' in version `normal'
(Font)                  OMS/cmsy/m/n --> OMS/lmsy/m/n on input line 24.
LaTeX Font Info:    Overwriting symbol font `largesymbols' in version `normal'
(Font)                  OMX/cmex/m/n --> OMX/lmex/m/n on input line 25.
LaTeX Font Info:    Overwriting symbol font `operators' in version `bold'
(Font)                  OT1/cmr/bx/n --> OT1/lmr/bx/n on input line 26.
LaTeX Font Info:    Overwriting symbol font `letters' in version `bold'
(Font)                  OML/cmm/b/it --> OML/lmm/b/it on input line 27.
LaTeX Font Info:    Overwriting symbol font `symbols' in version `bold'
(Font)                  OMS/cmsy/b/n --> OMS/lmsy/b/n on input line 28.
LaTeX Font Info:    Overwriting symbol font `largesymbols' in version `bold'
(Font)                  OMX/cmex/m/n --> OMX/lmex/m/n on input line 29.
LaTeX Font Info:    Overwriting math alphabet `\mathbf' in version `normal'
(Font)                  OT1/cmr/bx/n --> OT1/lmr/bx/n on input line 31.
LaTeX Font Info:    Overwriting math alphabet `\mathsf' in version `normal'
(Font)                  OT1/cmss/m/n --> OT1/lmss/m/n on input line 32.
LaTeX Font Info:    Overwriting math alphabet `\mathit' in version `normal'
(Font)                  OT1/cmr/m/it --> OT1/lmr/m/it on input line 33.
LaTeX Font Info:    Overwriting math alphabet `\mathtt' in version `normal'
(Font)                  OT1/cmtt/m/n --> OT1/lmtt/m/n on input line 34.
LaTeX Font Info:    Overwriting math alphabet `\mathbf' in version `bold'
(Font)                  OT1/cmr/bx/n --> OT1/lmr/bx/n on input line 35.
LaTeX Font Info:    Overwriting math alphabet `\mathsf' in version `bold'
(Font)                  OT1/cmss/bx/n --> OT1/lmss/bx/n on input line 36.
LaTeX Font Info:    Overwriting math alphabet `\mathit' in version `bold'
(Font)                  OT1/cmr/bx/it --> OT1/lmr/bx/it on input line 37.
LaTeX Font Info:    Overwriting math alphabet `\mathtt' in version `bold'
(Font)                  OT1/cmtt/m/n --> OT1/lmtt/m/n on input line 38.
)(load cache: extra_lmroman12-regular.luc)
LaTeX Font Info:    Font shape `JT3/mc/m/n' will be
(Font)              scaled to size 11.0pt on input line 1207.
LaTeX Font Info:    Font shape `JY3/mc/m/n' will be
(Font)              scaled to size 11.0pt on input line 1207.
\jlreq@omotekeiwidth=\dimen177
\jlreq@chuubusokeiwidth=\dimen178
\jlreq@urakeiwidth=\dimen179
\jlreq@sidenote@length=\dimen180
\jlreq@sidenote@sep=\dimen181
(load cache: extra_lmroman9-regular.luc)
LaTeX Font Info:    Font shape `JT3/mc/m/n' will be
(Font)              scaled to size 8.80003pt on input line 1464.
LaTeX Font Info:    Font shape `JY3/mc/m/n' will be
(Font)              scaled to size 8.80003pt on input line 1464.
\jlreq@BlockHeading@start@label@box=\box77
\jlreq@BlockHeading@spaces@current@count=\count300
\c@part=\count301
\c@section=\count302
\c@subsection=\count303
\c@subsubsection=\count304
\c@paragraph=\count305
\c@subparagraph=\count306
 (/usr/local/texlive/2026/texmf-dist/tex/latex/sttools/stfloats.sty
Package: stfloats 2025/06/18 v3.4 Improve float mechanism and baselineskip settings
\@dblbotnum=\count307
\c@dblbotnumber=\count308
) (/usr/local/texlive/2026/texmf-dist/tex/luatex/luatexja/patches/lltjp-stfloats.sty)
\c@__jlreq_footnotetemporary=\count309
\jlreq@endnote@prepostspace=\dimen182
\jlreq@endnote@indent=\dimen183
\jlreq@PageStyle@box=\box78
\abovecaptionskip=\skip56
\belowcaptionskip=\skip57
\c@figure=\count310
\c@table=\count311
\jlreq@abstractbox=\box79
\toclineskip=\skip58
\@lnumwidth=\dimen184
\jlreq@top@contents=\count312
LaTeX Font Info:    Font shape `JT3/mc/m/n' will be
(Font)              scaled to size 9.89993pt on input line 6602.
LaTeX Font Info:    Font shape `JY3/mc/m/n' will be
(Font)              scaled to size 9.89993pt on input line 6602.
 (/usr/local/texlive/2026/texmf-dist/tex/latex/jlreq/jlreq-complements.sty
Package: jlreq-complements 2025/03/16 jlreq-complements
 (/usr/local/texlive/2026/texmf-dist/tex/latex/filehook/filehook.sty
Package: filehook 2022/10/25 v0.8b Hooks for input files
 (/usr/local/texlive/2026/texmf-dist/tex/latex/filehook/filehook-2020.sty
Package: filehook-2020 2022/10/25 v0.8b Hooks for input files
)))) (./sty/note.sty
Package: sty/note 2026-04-20 v1.4 Note package
 (./sty/core.sty (/usr/local/texlive/2026/texmf-dist/tex/latex/anyfontsize/anyfontsize.sty
Package: anyfontsize 2007/11/22 anyfontsize.sty by pts
) (/usr/local/texlive/2026/texmf-dist/tex/latex/amsmath/amsmath.sty
Package: amsmath 2025/07/09 v2.17z AMS math features
\@mathmargin=\skip59

For additional information on amsmath, use the `?' option.
(/usr/local/texlive/2026/texmf-dist/tex/latex/amsmath/amstext.sty
Package: amstext 2024/11/17 v2.01 AMS text
 (/usr/local/texlive/2026/texmf-dist/tex/latex/amsmath/amsgen.sty
File: amsgen.sty 1999/11/30 v2.0 generic functions
\@emptytoks=\toks28
\ex@=\dimen185
)) (/usr/local/texlive/2026/texmf-dist/tex/latex/amsmath/amsbsy.sty
Package: amsbsy 1999/11/29 v1.2d Bold Symbols
\pmbraise@=\dimen186
) (/usr/local/texlive/2026/texmf-dist/tex/latex/amsmath/amsopn.sty
Package: amsopn 2022/04/08 v2.04 operator names
)
\inf@bad=\count313
LaTeX Info: Redefining \frac on input line 235.
\uproot@=\count314
\leftroot@=\count315
LaTeX Info: Redefining \overline on input line 398.
LaTeX Info: Redefining \colon on input line 409.
\classnum@=\count316
\DOTSCASE@=\count317
LaTeX Info: Redefining \ldots on input line 495.
LaTeX Info: Redefining \dots on input line 498.
LaTeX Info: Redefining \cdots on input line 619.
\Mathstrutbox@=\box80
\strutbox@=\box81
LaTeX Info: Redefining \big on input line 721.
LaTeX Info: Redefining \Big on input line 722.
LaTeX Info: Redefining \bigg on input line 723.
LaTeX Info: Redefining \Bigg on input line 724.
\big@size=\dimen187
LaTeX Font Info:    Redeclaring font encoding OML on input line 742.
LaTeX Font Info:    Redeclaring font encoding OMS on input line 743.
\macc@depth=\count318
LaTeX Info: Redefining \bmod on input line 904.
LaTeX Info: Redefining \pmod on input line 909.
LaTeX Info: Redefining \smash on input line 939.
LaTeX Info: Redefining \relbar on input line 969.
LaTeX Info: Redefining \Relbar on input line 970.
\c@MaxMatrixCols=\count319
\dotsspace@=\muskip17
\c@parentequation=\count320
\dspbrk@lvl=\count321
\tag@help=\toks29
\row@=\count322
\column@=\count323
\maxfields@=\count324
\andhelp@=\toks30
\eqnshift@=\dimen188
\alignsep@=\dimen189
\tagshift@=\dimen190
\tagwidth@=\dimen191
\totwidth@=\dimen192
\lineht@=\dimen193
\@envbody=\toks31
\multlinegap=\skip60
\multlinetaggap=\skip61
\mathdisplay@stack=\toks32
LaTeX Info: Redefining \[ on input line 2950.
LaTeX Info: Redefining \] on input line 2951.
) (/usr/local/texlive/2026/texmf-dist/tex/latex/amscls/amsthm.sty
Package: amsthm 2020/05/29 v2.20.6
\thm@style=\toks33
\thm@bodyfont=\toks34
\thm@headfont=\toks35
\thm@notefont=\toks36
\thm@headpunct=\toks37
\thm@preskip=\skip62
\thm@postskip=\skip63
\thm@headsep=\skip64
\dth@everypar=\toks38
) (/usr/local/texlive/2026/texmf-dist/tex/latex/graphics/graphicx.sty
Package: graphicx 2024/12/31 v1.2e Enhanced LaTeX Graphics (DPC,SPQR)
 (/usr/local/texlive/2026/texmf-dist/tex/latex/graphics/graphics.sty
Package: graphics 2024/08/06 v1.4g Standard LaTeX Graphics (DPC,SPQR)
 (/usr/local/texlive/2026/texmf-dist/tex/latex/graphics/trig.sty
Package: trig 2023/12/02 v1.11 sin cos tan (DPC)
) (/usr/local/texlive/2026/texmf-dist/tex/latex/graphics-cfg/graphics.cfg
File: graphics.cfg 2016/06/04 v1.11 sample graphics configuration
)
Package graphics Info: Driver file: luatex.def on input line 106.
 (/usr/local/texlive/2026/texmf-dist/tex/latex/graphics-def/luatex.def
File: luatex.def 2025/09/29 v1.2f Graphics/color driver for luatex
))
\Gin@req@height=\dimen194
\Gin@req@width=\dimen195
) (/usr/local/texlive/2026/texmf-dist/tex/latex/subfiles/subfiles.sty
Package: subfiles 2020/11/14 v2.2 Multi-file projects (package)
 (/usr/local/texlive/2026/texmf-dist/tex/latex/import/import.sty
Package: import 2020/04/01  v 6.2
)) (/usr/local/texlive/2026/texmf-dist/tex/latex/pgf/frontendlayer/tikz.sty (/usr/local/texlive/2026/texmf-dist/tex/latex/pgf/basiclayer/pgf.sty (/usr/local/texlive/2026/texmf-dist/tex/latex/pgf/utilities/pgfrcs.sty (/usr/local/texlive/2026/texmf-dist/tex/generic/pgf/utilities/pgfutil-common.tex
\pgfutil@everybye=\toks39
\pgfutil@tempdima=\dimen196
\pgfutil@tempdimb=\dimen197
) (/usr/local/texlive/2026/texmf-dist/tex/generic/pgf/utilities/pgfutil-latex.def
\pgfutil@abb=\box82
) (/usr/local/texlive/2026/texmf-dist/tex/generic/pgf/utilities/pgfrcs.code.tex (/usr/local/texlive/2026/texmf-dist/tex/generic/pgf/pgf.revision.tex)
Package: pgfrcs 2025-08-29 v3.1.11a (3.1.11a)
))
Package: pgf 2025-08-29 v3.1.11a (3.1.11a)
 (/usr/local/texlive/2026/texmf-dist/tex/latex/pgf/basiclayer/pgfcore.sty (/usr/local/texlive/2026/texmf-dist/tex/latex/pgf/systemlayer/pgfsys.sty (/usr/local/texlive/2026/texmf-dist/tex/generic/pgf/systemlayer/pgfsys.code.tex
Package: pgfsys 2025-08-29 v3.1.11a (3.1.11a)
 (/usr/local/texlive/2026/texmf-dist/tex/generic/pgf/utilities/pgfkeys.code.tex
\pgfkeys@pathtoks=\toks40
\pgfkeys@temptoks=\toks41
 (/usr/local/texlive/2026/texmf-dist/tex/generic/pgf/utilities/pgfkeyslibraryfiltered.code.tex
\pgfkeys@tmptoks=\toks42
))
\pgf@x=\dimen198
\pgf@y=\dimen199
\pgf@xa=\dimen256
\pgf@ya=\dimen257
\pgf@xb=\dimen258
\pgf@yb=\dimen259
\pgf@xc=\dimen260
\pgf@yc=\dimen261
\pgf@xd=\dimen262
\pgf@yd=\dimen263
\w@pgf@writea=\write3
\r@pgf@reada=\read2
\c@pgf@counta=\count325
\c@pgf@countb=\count326
\c@pgf@countc=\count327
\c@pgf@countd=\count328
\t@pgf@toka=\toks43
\t@pgf@tokb=\toks44
\t@pgf@tokc=\toks45
\pgf@sys@id@count=\count329
 (/usr/local/texlive/2026/texmf-dist/tex/generic/pgf/systemlayer/pgf.cfg
File: pgf.cfg 2025-08-29 v3.1.11a (3.1.11a)
)
Driver file for pgf: pgfsys-luatex.def
 (/usr/local/texlive/2026/texmf-dist/tex/generic/pgf/systemlayer/pgfsys-luatex.def
File: pgfsys-luatex.def 2025-08-29 v3.1.11a (3.1.11a)
 (/usr/local/texlive/2026/texmf-dist/tex/generic/pgf/systemlayer/pgfsys-common-pdf.def
File: pgfsys-common-pdf.def 2025-08-29 v3.1.11a (3.1.11a)
))) (/usr/local/texlive/2026/texmf-dist/tex/generic/pgf/systemlayer/pgfsyssoftpath.code.tex
File: pgfsyssoftpath.code.tex 2025-08-29 v3.1.11a (3.1.11a)
\pgfsyssoftpath@smallbuffer@items=\count330
\pgfsyssoftpath@bigbuffer@items=\count331
) (/usr/local/texlive/2026/texmf-dist/tex/generic/pgf/systemlayer/pgfsysprotocol.code.tex
File: pgfsysprotocol.code.tex 2025-08-29 v3.1.11a (3.1.11a)
)) (/usr/local/texlive/2026/texmf-dist/tex/latex/xcolor/xcolor.sty
Package: xcolor 2024/09/29 v3.02 LaTeX color extensions (UK)
 (/usr/local/texlive/2026/texmf-dist/tex/latex/graphics-cfg/color.cfg
File: color.cfg 2016/01/02 v1.6 sample color configuration
)
Package xcolor Info: Driver file: luatex.def on input line 274.
 (/usr/local/texlive/2026/texmf-dist/tex/latex/graphics/mathcolor.ltx)
Package xcolor Info: Model `cmy' substituted by `cmy0' on input line 1349.
Package xcolor Info: Model `hsb' substituted by `rgb' on input line 1353.
Package xcolor Info: Model `RGB' extended on input line 1365.
Package xcolor Info: Model `HTML' substituted by `rgb' on input line 1367.
Package xcolor Info: Model `Hsb' substituted by `hsb' on input line 1368.
Package xcolor Info: Model `tHsb' substituted by `hsb' on input line 1369.
Package xcolor Info: Model `HSB' substituted by `hsb' on input line 1370.
Package xcolor Info: Model `Gray' substituted by `gray' on input line 1371.
Package xcolor Info: Model `wave' substituted by `hsb' on input line 1372.
) (/usr/local/texlive/2026/texmf-dist/tex/generic/pgf/basiclayer/pgfcore.code.tex
Package: pgfcore 2025-08-29 v3.1.11a (3.1.11a)
 (/usr/local/texlive/2026/texmf-dist/tex/generic/pgf/math/pgfmath.code.tex (/usr/local/texlive/2026/texmf-dist/tex/generic/pgf/math/pgfmathutil.code.tex) (/usr/local/texlive/2026/texmf-dist/tex/generic/pgf/math/pgfmathparser.code.tex
\pgfmath@dimen=\dimen264
\pgfmath@count=\count332
\pgfmath@box=\box83
\pgfmath@toks=\toks46
\pgfmath@stack@operand=\toks47
\pgfmath@stack@operation=\toks48
) (/usr/local/texlive/2026/texmf-dist/tex/generic/pgf/math/pgfmathfunctions.code.tex) (/usr/local/texlive/2026/texmf-dist/tex/generic/pgf/math/pgfmathfunctions.basic.code.tex) (/usr/local/texlive/2026/texmf-dist/tex/generic/pgf/math/pgfmathfunctions.trigonometric.code.tex) (/usr/local/texlive/2026/texmf-dist/tex/generic/pgf/math/pgfmathfunctions.random.code.tex) (/usr/local/texlive/2026/texmf-dist/tex/generic/pgf/math/pgfmathfunctions.comparison.code.tex) (/usr/local/texlive/2026/texmf-dist/tex/generic/pgf/math/pgfmathfunctions.base.code.tex) (/usr/local/texlive/2026/texmf-dist/tex/generic/pgf/math/pgfmathfunctions.round.code.tex) (/usr/local/texlive/2026/texmf-dist/tex/generic/pgf/math/pgfmathfunctions.misc.code.tex) (/usr/local/texlive/2026/texmf-dist/tex/generic/pgf/math/pgfmathfunctions.integerarithmetics.code.tex) (/usr/local/texlive/2026/texmf-dist/tex/generic/pgf/math/pgfmathcalc.code.tex) (/usr/local/texlive/2026/texmf-dist/tex/generic/pgf/math/pgfmathfloat.code.tex
\c@pgfmathroundto@lastzeros=\count333
)) (/usr/local/texlive/2026/texmf-dist/tex/generic/pgf/math/pgfint.code.tex) (/usr/local/texlive/2026/texmf-dist/tex/generic/pgf/basiclayer/pgfcorepoints.code.tex
File: pgfcorepoints.code.tex 2025-08-29 v3.1.11a (3.1.11a)
\pgf@picminx=\dimen265
\pgf@picmaxx=\dimen266
\pgf@picminy=\dimen267
\pgf@picmaxy=\dimen268
\pgf@pathminx=\dimen269
\pgf@pathmaxx=\dimen270
\pgf@pathminy=\dimen271
\pgf@pathmaxy=\dimen272
\pgf@xx=\dimen273
\pgf@xy=\dimen274
\pgf@yx=\dimen275
\pgf@yy=\dimen276
\pgf@zx=\dimen277
\pgf@zy=\dimen278
) (/usr/local/texlive/2026/texmf-dist/tex/generic/pgf/basiclayer/pgfcorepathconstruct.code.tex
File: pgfcorepathconstruct.code.tex 2025-08-29 v3.1.11a (3.1.11a)
\pgf@path@lastx=\dimen279
\pgf@path@lasty=\dimen280
) (/usr/local/texlive/2026/texmf-dist/tex/generic/pgf/basiclayer/pgfcorepathusage.code.tex
File: pgfcorepathusage.code.tex 2025-08-29 v3.1.11a (3.1.11a)
\pgf@shorten@end@additional=\dimen281
\pgf@shorten@start@additional=\dimen282
) (/usr/local/texlive/2026/texmf-dist/tex/generic/pgf/basiclayer/pgfcorescopes.code.tex
File: pgfcorescopes.code.tex 2025-08-29 v3.1.11a (3.1.11a)
\pgfpic=\box84
\pgf@hbox=\box85
\pgf@layerbox@main=\box86
\pgf@picture@serial@count=\count334
) (/usr/local/texlive/2026/texmf-dist/tex/generic/pgf/basiclayer/pgfcoregraphicstate.code.tex
File: pgfcoregraphicstate.code.tex 2025-08-29 v3.1.11a (3.1.11a)
\pgflinewidth=\dimen283
) (/usr/local/texlive/2026/texmf-dist/tex/generic/pgf/basiclayer/pgfcoretransformations.code.tex
File: pgfcoretransformations.code.tex 2025-08-29 v3.1.11a (3.1.11a)
\pgf@pt@x=\dimen284
\pgf@pt@y=\dimen285
\pgf@pt@temp=\dimen286
) (/usr/local/texlive/2026/texmf-dist/tex/generic/pgf/basiclayer/pgfcorequick.code.tex
File: pgfcorequick.code.tex 2025-08-29 v3.1.11a (3.1.11a)
) (/usr/local/texlive/2026/texmf-dist/tex/generic/pgf/basiclayer/pgfcoreobjects.code.tex
File: pgfcoreobjects.code.tex 2025-08-29 v3.1.11a (3.1.11a)
) (/usr/local/texlive/2026/texmf-dist/tex/generic/pgf/basiclayer/pgfcorepathprocessing.code.tex
File: pgfcorepathprocessing.code.tex 2025-08-29 v3.1.11a (3.1.11a)
) (/usr/local/texlive/2026/texmf-dist/tex/generic/pgf/basiclayer/pgfcorearrows.code.tex
File: pgfcorearrows.code.tex 2025-08-29 v3.1.11a (3.1.11a)
\pgfarrowsep=\dimen287
) (/usr/local/texlive/2026/texmf-dist/tex/generic/pgf/basiclayer/pgfcoreshade.code.tex
File: pgfcoreshade.code.tex 2025-08-29 v3.1.11a (3.1.11a)
\pgf@max=\dimen288
\pgf@sys@shading@range@num=\count335
\pgf@shadingcount=\count336
) (/usr/local/texlive/2026/texmf-dist/tex/generic/pgf/basiclayer/pgfcoreimage.code.tex
File: pgfcoreimage.code.tex 2025-08-29 v3.1.11a (3.1.11a)
) (/usr/local/texlive/2026/texmf-dist/tex/generic/pgf/basiclayer/pgfcoreexternal.code.tex
File: pgfcoreexternal.code.tex 2025-08-29 v3.1.11a (3.1.11a)
\pgfexternal@startupbox=\box87
) (/usr/local/texlive/2026/texmf-dist/tex/generic/pgf/basiclayer/pgfcorelayers.code.tex
File: pgfcorelayers.code.tex 2025-08-29 v3.1.11a (3.1.11a)
) (/usr/local/texlive/2026/texmf-dist/tex/generic/pgf/basiclayer/pgfcoretransparency.code.tex
File: pgfcoretransparency.code.tex 2025-08-29 v3.1.11a (3.1.11a)
) (/usr/local/texlive/2026/texmf-dist/tex/generic/pgf/basiclayer/pgfcorepatterns.code.tex
File: pgfcorepatterns.code.tex 2025-08-29 v3.1.11a (3.1.11a)
) (/usr/local/texlive/2026/texmf-dist/tex/generic/pgf/basiclayer/pgfcorerdf.code.tex
File: pgfcorerdf.code.tex 2025-08-29 v3.1.11a (3.1.11a)
))) (/usr/local/texlive/2026/texmf-dist/tex/generic/pgf/modules/pgfmoduleshapes.code.tex
File: pgfmoduleshapes.code.tex 2025-08-29 v3.1.11a (3.1.11a)
\pgfnodeparttextbox=\box88
) (/usr/local/texlive/2026/texmf-dist/tex/generic/pgf/modules/pgfmoduleplot.code.tex
File: pgfmoduleplot.code.tex 2025-08-29 v3.1.11a (3.1.11a)
) (/usr/local/texlive/2026/texmf-dist/tex/latex/pgf/compatibility/pgfcomp-version-0-65.sty
Package: pgfcomp-version-0-65 2025-08-29 v3.1.11a (3.1.11a)
\pgf@nodesepstart=\dimen289
\pgf@nodesepend=\dimen290
) (/usr/local/texlive/2026/texmf-dist/tex/latex/pgf/compatibility/pgfcomp-version-1-18.sty
Package: pgfcomp-version-1-18 2025-08-29 v3.1.11a (3.1.11a)
)) (/usr/local/texlive/2026/texmf-dist/tex/latex/pgf/utilities/pgffor.sty (/usr/local/texlive/2026/texmf-dist/tex/latex/pgf/utilities/pgfkeys.sty (/usr/local/texlive/2026/texmf-dist/tex/generic/pgf/utilities/pgfkeys.code.tex)) (/usr/local/texlive/2026/texmf-dist/tex/latex/pgf/math/pgfmath.sty (/usr/local/texlive/2026/texmf-dist/tex/generic/pgf/math/pgfmath.code.tex)) (/usr/local/texlive/2026/texmf-dist/tex/generic/pgf/utilities/pgffor.code.tex
Package: pgffor 2025-08-29 v3.1.11a (3.1.11a)
\pgffor@iter=\dimen291
\pgffor@skip=\dimen292
\pgffor@stack=\toks49
\pgffor@toks=\toks50
)) (/usr/local/texlive/2026/texmf-dist/tex/generic/pgf/frontendlayer/tikz/tikz.code.tex
Package: tikz 2025-08-29 v3.1.11a (3.1.11a)
 (/usr/local/texlive/2026/texmf-dist/tex/generic/pgf/libraries/pgflibraryplothandlers.code.tex
File: pgflibraryplothandlers.code.tex 2025-08-29 v3.1.11a (3.1.11a)
\pgf@plot@mark@count=\count337
\pgfplotmarksize=\dimen293
)
\tikz@lastx=\dimen294
\tikz@lasty=\dimen295
\tikz@lastxsaved=\dimen296
\tikz@lastysaved=\dimen297
\tikz@lastmovetox=\dimen298
\tikz@lastmovetoy=\dimen299
\tikzleveldistance=\dimen300
\tikzsiblingdistance=\dimen301
\tikz@figbox=\box89
\tikz@figbox@bg=\box90
\tikz@tempbox=\box91
\tikz@tempbox@bg=\box92
\tikztreelevel=\count338
\tikznumberofchildren=\count339
\tikznumberofcurrentchild=\count340
\tikz@fig@count=\count341
 (/usr/local/texlive/2026/texmf-dist/tex/generic/pgf/modules/pgfmodulematrix.code.tex
File: pgfmodulematrix.code.tex 2025-08-29 v3.1.11a (3.1.11a)
\pgfmatrixcurrentrow=\count342
\pgfmatrixcurrentcolumn=\count343
\pgf@matrix@numberofcolumns=\count344
)
\tikz@expandcount=\count345
 (/usr/local/texlive/2026/texmf-dist/tex/generic/pgf/frontendlayer/tikz/libraries/tikzlibrarytopaths.code.tex
File: tikzlibrarytopaths.code.tex 2025-08-29 v3.1.11a (3.1.11a)
))) (/usr/local/texlive/2026/texmf-dist/tex/generic/tikz-cd/tikzlibrarycd.code.tex (/usr/local/texlive/2026/texmf-dist/tex/generic/pgf/frontendlayer/tikz/libraries/tikzlibrarymatrix.code.tex
File: tikzlibrarymatrix.code.tex 2025-08-29 v3.1.11a (3.1.11a)
) (/usr/local/texlive/2026/texmf-dist/tex/generic/pgf/frontendlayer/tikz/libraries/tikzlibraryquotes.code.tex
File: tikzlibraryquotes.code.tex 2025-08-29 v3.1.11a (3.1.11a)
) (/usr/local/texlive/2026/texmf-dist/tex/generic/pgf/libraries/pgflibraryarrows.meta.code.tex
File: pgflibraryarrows.meta.code.tex 2025-08-29 v3.1.11a (3.1.11a)
\pgfarrowinset=\dimen302
\pgfarrowlength=\dimen303
\pgfarrowwidth=\dimen304
\pgfarrowlinewidth=\dimen305
)) (/usr/local/texlive/2026/texmf-dist/tex/latex/tikz-3dplot/tikz-3dplot.sty (/usr/local/texlive/2026/texmf-dist/tex/latex/base/ifthen.sty
Package: ifthen 2024/03/16 v1.1e Standard LaTeX ifthen package (DPC)
) (/usr/local/texlive/2026/texmf-dist/tex/generic/pgf/frontendlayer/tikz/libraries/tikzlibrarycalc.code.tex
File: tikzlibrarycalc.code.tex 2025-08-29 v3.1.11a (3.1.11a)
) (/usr/local/texlive/2026/texmf-dist/tex/generic/pgf/frontendlayer/tikz/libraries/tikzlibrary3d.code.tex
File: tikzlibrary3d.code.tex 2025-08-29 v3.1.11a (3.1.11a)
) (/usr/local/texlive/2026/texmf-dist/tex/generic/pgf/frontendlayer/tikz/libraries/tikzlibraryarrows.code.tex
File: tikzlibraryarrows.code.tex 2025-08-29 v3.1.11a (3.1.11a)
 (/usr/local/texlive/2026/texmf-dist/tex/generic/pgf/libraries/pgflibraryarrows.code.tex
File: pgflibraryarrows.code.tex 2025-08-29 v3.1.11a (3.1.11a)
\arrowsize=\dimen306
))) (/usr/local/texlive/2026/texmf-dist/tex/latex/pgfplots/pgfplots.sty (/usr/local/texlive/2026/texmf-dist/tex/generic/pgfplots/pgfplots.revision.tex)
Package: pgfplots 2025/08/14 v1.18.2 Data Visualization (1.18.2)
 (/usr/local/texlive/2026/texmf-dist/tex/generic/pgfplots/pgfplots.code.tex (/usr/local/texlive/2026/texmf-dist/tex/generic/pgfplots/pgfplotscore.code.tex
Package pgfplots info on input line 124: Initializing with LUA version Lua 5.3
\pgfplots@luabackend@table=\catcodetable17
\t@pgfplots@toka=\toks51
\t@pgfplots@tokb=\toks52
\t@pgfplots@tokc=\toks53
\pgfplots@tmpa=\dimen307
\c@pgfplots@coordindex=\count346
\c@pgfplots@scanlineindex=\count347
 (/usr/local/texlive/2026/texmf-dist/tex/generic/pgfplots/sys/pgfplotssysgeneric.code.tex)) (/usr/local/texlive/2026/texmf-dist/tex/generic/pgfplots/libs/pgfplotslibrary.code.tex) (/usr/local/texlive/2026/texmf-dist/tex/generic/pgfplots/oldpgfcompatib/pgfplotsoldpgfsupp_loader.code.tex (/usr/local/texlive/2026/texmf-dist/tex/generic/pgf/libraries/pgflibraryfpu.code.tex) (/usr/local/texlive/2026/texmf-dist/tex/generic/pgfplots/oldpgfcompatib/pgfplotsoldpgfsupp_pgfutil-common-lists.tex) (/usr/local/texlive/2026/texmf-dist/tex/generic/pgf/libraries/luamath/pgflibraryluamath.code.tex)
Package pgfplots info on input line 292: luamath library shipped with pgf 3.1.11a is up-to-date
) (/usr/local/texlive/2026/texmf-dist/tex/generic/pgfplots/util/pgfplotsutil.code.tex
Package pgfplots info on input line 82: Found new luatex: initializing lua commands instead of write18 (shell-escape)
 (/usr/local/texlive/2026/texmf-dist/tex/generic/pgfplots/liststructure/pgfplotsliststructure.code.tex) (/usr/local/texlive/2026/texmf-dist/tex/generic/pgfplots/liststructure/pgfplotsliststructureext.code.tex) (/usr/local/texlive/2026/texmf-dist/tex/generic/pgfplots/liststructure/pgfplotsarray.code.tex
\c@pgfplotsarray@tmp=\count348
) (/usr/local/texlive/2026/texmf-dist/tex/generic/pgfplots/liststructure/pgfplotsmatrix.code.tex) (/usr/local/texlive/2026/texmf-dist/tex/generic/pgfplots/numtable/pgfplotstableshared.code.tex
\c@pgfplotstable@counta=\count349
\t@pgfplotstable@a=\toks54
) (/usr/local/texlive/2026/texmf-dist/tex/generic/pgfplots/liststructure/pgfplotsdeque.code.tex) (/usr/local/texlive/2026/texmf-dist/tex/generic/pgfplots/util/pgfplotsbinary.code.tex (/usr/local/texlive/2026/texmf-dist/tex/generic/pgfplots/util/pgfplotsbinary.data.code.tex)) (/usr/local/texlive/2026/texmf-dist/tex/generic/pgfplots/util/pgfplotsutil.verb.code.tex) (/usr/local/texlive/2026/texmf-dist/tex/generic/pgfplots/libs/pgflibrarypgfplots.surfshading.code.tex
\c@pgfplotslibrarysurf@no=\count350
 (/usr/local/texlive/2026/texmf-dist/tex/generic/pgfplots/sys/pgflibrarypgfplots.surfshading.pgfsys-luatex.def))) (/usr/local/texlive/2026/texmf-dist/tex/generic/pgfplots/util/pgfplotscolormap.code.tex (/usr/local/texlive/2026/texmf-dist/tex/generic/pgfplots/util/pgfplotscolor.code.tex)) (/usr/local/texlive/2026/texmf-dist/tex/generic/pgfplots/pgfplotsstackedplots.code.tex) (/usr/local/texlive/2026/texmf-dist/tex/generic/pgfplots/pgfplotsplothandlers.code.tex (/usr/local/texlive/2026/texmf-dist/tex/generic/pgfplots/pgfplotsmeshplothandler.code.tex (/usr/local/texlive/2026/texmf-dist/tex/generic/pgfplots/pgfplotsmeshplotimage.code.tex)))
(/usr/local/texlive/2026/texmf-dist/tex/generic/pgfplots/pgfplots.scaling.code.tex) (/usr/local/texlive/2026/texmf-dist/tex/generic/pgfplots/pgfplotscoordprocessing.code.tex) (/usr/local/texlive/2026/texmf-dist/tex/generic/pgfplots/pgfplots.errorbars.code.tex) (/usr/local/texlive/2026/texmf-dist/tex/generic/pgfplots/pgfplots.markers.code.tex) (/usr/local/texlive/2026/texmf-dist/tex/generic/pgfplots/pgfplotsticks.code.tex) (/usr/local/texlive/2026/texmf-dist/tex/generic/pgfplots/pgfplots.paths.code.tex) (/usr/local/texlive/2026/texmf-dist/tex/generic/pgf/frontendlayer/tikz/libraries/tikzlibrarydecorations.code.tex (/usr/local/texlive/2026/texmf-dist/tex/generic/pgf/modules/pgfmoduledecorations.code.tex
\pgfdecoratedcompleteddistance=\dimen308
\pgfdecoratedremainingdistance=\dimen309
\pgfdecoratedinputsegmentcompleteddistance=\dimen310
\pgfdecoratedinputsegmentremainingdistance=\dimen311
\pgf@decorate@distancetomove=\dimen312
\pgf@decorate@repeatstate=\count351
\pgfdecorationsegmentamplitude=\dimen313
\pgfdecorationsegmentlength=\dimen314
)
\tikz@lib@dec@box=\box93
) (/usr/local/texlive/2026/texmf-dist/tex/generic/pgf/frontendlayer/tikz/libraries/tikzlibrarydecorations.pathmorphing.code.tex (/usr/local/texlive/2026/texmf-dist/tex/generic/pgf/libraries/decorations/pgflibrarydecorations.pathmorphing.code.tex)) (/usr/local/texlive/2026/texmf-dist/tex/generic/pgf/frontendlayer/tikz/libraries/tikzlibrarydecorations.pathreplacing.code.tex (/usr/local/texlive/2026/texmf-dist/tex/generic/pgf/libraries/decorations/pgflibrarydecorations.pathreplacing.code.tex)) (/usr/local/texlive/2026/texmf-dist/tex/generic/pgfplots/libs/tikzlibrarypgfplots.contourlua.code.tex)
\pgfplots@numplots=\count352
\pgfplots@xmin@reg=\dimen315
\pgfplots@xmax@reg=\dimen316
\pgfplots@ymin@reg=\dimen317
\pgfplots@ymax@reg=\dimen318
\pgfplots@zmin@reg=\dimen319
\pgfplots@zmax@reg=\dimen320
) (/usr/local/texlive/2026/texmf-dist/tex/generic/pgf/frontendlayer/tikz/libraries/tikzlibraryplotmarks.code.tex
File: tikzlibraryplotmarks.code.tex 2025-08-29 v3.1.11a (3.1.11a)
 (/usr/local/texlive/2026/texmf-dist/tex/generic/pgf/libraries/pgflibraryplotmarks.code.tex
File: pgflibraryplotmarks.code.tex 2025-08-29 v3.1.11a (3.1.11a)
))) (/usr/local/texlive/2026/texmf-dist/tex/latex/tools/bm.sty
Package: bm 2025/10/21 v1.2g Bold Symbol Support (DPC/FMi)
\symboldoperators=\mathgroup5
\symboldletters=\mathgroup6
\symboldsymbols=\mathgroup7
Package bm Info: No bold for \OMX/lmex/m/n, using \pmb.
\symboldmincho=\mathgroup8
LaTeX Font Info:    Redeclaring math alphabet \mathbf on input line 149.
) (/usr/local/texlive/2026/texmf-dist/tex/latex/tools/indentfirst.sty
Package: indentfirst 2023/07/02 v1.03 Indent first paragraph (DPC)
) (/usr/local/texlive/2026/texmf-dist/tex/latex/xurl/xurl.sty
Package: xurl 2022/01/09 v 0.10 modify URL breaks
 (/usr/local/texlive/2026/texmf-dist/tex/latex/url/url.sty
\Urlmuskip=\muskip18
Package: url 2013/09/16  ver 3.4  Verb mode for urls, etc.
)) (/usr/local/texlive/2026/texmf-dist/tex/latex/lipsum/lipsum.sty (/usr/local/texlive/2026/texmf-dist/tex/latex/l3packages/l3keys2e/l3keys2e.sty
Package: l3keys2e 2025-10-09 LaTeX2e option processing using LaTeX3 keys
)
Package: lipsum 2021-09-20 v2.7 150 paragraphs of Lorem Ipsum dummy text
\g__lipsum_par_int=\count353
\l__lipsum_a_int=\count354
\l__lipsum_b_int=\count355
 (/usr/local/texlive/2026/texmf-dist/tex/latex/lipsum/lipsum.ltd.tex)) (/usr/local/texlive/2026/texmf-dist/tex/generic/babel/babel.sty
Package: babel 2026/02/14 v26.3 The multilingual framework for LuaLaTeX, pdfLaTeX and XeLaTeX
 (/usr/local/texlive/2026/texmf-dist/tex/generic/babel/babel.def
File: babel.def 2026/02/14 v26.3 Babel common definitions
) (/usr/local/texlive/2026/texmf-dist/tex/generic/babel/luababel.def
\bbl@readstream=\read3
\l@dumylang=\language3
Package babel Info: Non-standard hyphenation setup on input line 118.
\l@nohyphenation=\language4
\l@german-x-2024-02-28=\language5
\l@ngerman-x-2024-02-28=\language6
\l@afrikaans=\language7
\l@albanian=\language8
\l@ancientgreek=\language9
\l@ibycus=\language10
\l@arabic=\language11
\l@armenian=\language12
\l@basque=\language13
\l@belarusian=\language14
\l@bulgarian=\language15
\l@catalan=\language16
\l@pinyin=\language17
\l@churchslavonic=\language18
\l@coptic=\language19
\l@croatian=\language20
\l@czech=\language21
\l@danish=\language22
\l@dutch=\language23
\l@ukenglish=\language24
\l@usenglishmax=\language25
\l@esperanto=\language26
\l@estonian=\language27
\l@ethiopic=\language28
\l@farsi=\language29
\l@finnish=\language30
\l@schoolfinnish=\language31
\l@french=\language32
\l@friulan=\language33
\l@galician=\language34
\l@georgian=\language35
\l@german=\language36
\l@ngerman=\language37
\l@swissgerman=\language38
\l@greek=\language39
\l@monogreek=\language40
\l@hebrew=\language41
\l@hungarian=\language42
\l@icelandic=\language43
\l@assamese=\language44
\l@bengali=\language45
\l@gujarati=\language46
\l@hindi=\language47
\l@kannada=\language48
\l@malayalam=\language49
\l@marathi=\language50
\l@oriya=\language51
\l@pali=\language52
\l@panjabi=\language53
\l@tamil=\language54
\l@telugu=\language55
\l@indonesian=\language56
\l@interlingua=\language57
\l@irish=\language58
\l@italian=\language59
\l@kazakh=\language60
\l@kurmanji=\language61
\l@classiclatin=\language62
\l@latin=\language63
\l@liturgicallatin=\language64
\l@latvian=\language65
\l@lithuanian=\language66
\l@macedonian=\language67
\l@mongolian=\language68
\l@mongolianlmc=\language69
\l@bokmal=\language70
\l@nynorsk=\language71
\l@occitan=\language72
\l@piedmontese=\language73
\l@polish=\language74
\l@portuguese=\language75
\l@romanian=\language76
\l@romansh=\language77
\l@russian=\language78
\l@sanskrit=\language79
\l@serbian=\language80
\l@serbianc=\language81
\l@slovak=\language82
\l@slovenian=\language83
\l@spanish=\language84
\l@swedish=\language85
\l@thai=\language86
\l@turkish=\language87
\l@turkmen=\language88
\l@ukrainian=\language89
\l@uppersorbian=\language90
\l@vietnamese=\language91
\l@welsh=\language92
\babelcatcodetablenum=\catcodetable18
\bbl@pattcodes=\catcodetable19
))) (./sty/bib.sty (/usr/local/texlive/2026/texmf-dist/tex/latex/biblatex/biblatex.sty
Package: biblatex 2025/07/10 v3.21 programmable bibliographies (PK/MW)
 (/usr/local/texlive/2026/texmf-dist/tex/latex/kvoptions/kvoptions.sty
Package: kvoptions 2022-06-15 v3.15 Key value format for package options (HO)
 (/usr/local/texlive/2026/texmf-dist/tex/latex/kvsetkeys/kvsetkeys.sty
Package: kvsetkeys 2022-10-05 v1.19 Key value parser (HO)
)) (/usr/local/texlive/2026/texmf-dist/tex/latex/logreq/logreq.sty
Package: logreq 2010/08/04 v1.0 xml request logger
\lrq@indent=\count356
 (/usr/local/texlive/2026/texmf-dist/tex/latex/logreq/logreq.def
File: logreq.def 2010/08/04 v1.0 logreq spec v1.0
))
\c@tabx@nest=\count357
\c@listtotal=\count358
\c@listcount=\count359
\c@liststart=\count360
\c@liststop=\count361
\c@citecount=\count362
\c@citetotal=\count363
\c@multicitecount=\count364
\c@multicitetotal=\count365
\c@instcount=\count366
\c@maxnames=\count367
\c@minnames=\count368
\c@maxitems=\count369
\c@minitems=\count370
\c@citecounter=\count371
\c@maxcitecounter=\count372
\c@savedcitecounter=\count373
\c@uniquelist=\count374
\c@uniquename=\count375
\c@refsection=\count376
\c@refsegment=\count377
\c@maxextratitle=\count378
\c@maxextratitleyear=\count379
\c@maxextraname=\count380
\c@maxextradate=\count381
\c@maxextraalpha=\count382
\c@abbrvpenalty=\count383
\c@highnamepenalty=\count384
\c@lownamepenalty=\count385
\c@maxparens=\count386
\c@parenlevel=\count387
\blx@tempcnta=\count388
\blx@tempcntb=\count389
\blx@tempcntc=\count390
\c@blx@maxsection=\count391
\blx@maxsegment@0=\count392
\blx@notetype=\count393
\blx@parenlevel@text=\count394
\blx@parenlevel@foot=\count395
\blx@sectionciteorder@0=\count396
\blx@sectionciteorderinternal@0=\count397
\blx@entrysetcounter=\count398
\blx@biblioinstance=\count399
\labelnumberwidth=\skip65
\labelalphawidth=\skip66
\biblabelsep=\skip67
\bibitemsep=\skip68
\bibnamesep=\skip69
\bibinitsep=\skip70
\bibparsep=\skip71
\bibhang=\skip72
\blx@bcfin=\read4
\blx@bcfout=\write4
\blx@langwohyphens=\language93
\c@mincomprange=\count400
\c@maxcomprange=\count401
\c@mincompwidth=\count402
Package biblatex Info: Trying to load biblatex default data model...
Package biblatex Info: ... file 'blx-dm.def' found.
 (/usr/local/texlive/2026/texmf-dist/tex/latex/biblatex/blx-dm.def
File: blx-dm.def 2025/07/10 v3.21 biblatex datamodel (PK/MW)
)
Package biblatex Info: Trying to load biblatex style data model...
Package biblatex Info: ... file 'numeric.dbx' not found.
Package biblatex Info: Trying to load biblatex custom data model...
Package biblatex Info: ... file 'biblatex-dm.cfg' not found.
\c@afterword=\count403
\c@savedafterword=\count404
\c@annotator=\count405
\c@savedannotator=\count406
\c@author=\count407
\c@savedauthor=\count408
\c@bookauthor=\count409
\c@savedbookauthor=\count410
\c@commentator=\count411
\c@savedcommentator=\count412
\c@editor=\count413
\c@savededitor=\count414
\c@editora=\count415
\c@savededitora=\count416
\c@editorb=\count417
\c@savededitorb=\count418
\c@editorc=\count419
\c@savededitorc=\count420
\c@foreword=\count421
\c@savedforeword=\count422
\c@holder=\count423
\c@savedholder=\count424
\c@introduction=\count425
\c@savedintroduction=\count426
\c@namea=\count427
\c@savednamea=\count428
\c@nameb=\count429
\c@savednameb=\count430
\c@namec=\count431
\c@savednamec=\count432
\c@translator=\count433
\c@savedtranslator=\count434
\c@shortauthor=\count435
\c@savedshortauthor=\count436
\c@shorteditor=\count437
\c@savedshorteditor=\count438
\c@labelname=\count439
\c@savedlabelname=\count440
\c@institution=\count441
\c@savedinstitution=\count442
\c@lista=\count443
\c@savedlista=\count444
\c@listb=\count445
\c@savedlistb=\count446
\c@listc=\count447
\c@savedlistc=\count448
\c@listd=\count449
\c@savedlistd=\count450
\c@liste=\count451
\c@savedliste=\count452
\c@listf=\count453
\c@savedlistf=\count454
\c@location=\count455
\c@savedlocation=\count456
\c@organization=\count457
\c@savedorganization=\count458
\c@origlocation=\count459
\c@savedoriglocation=\count460
\c@origpublisher=\count461
\c@savedorigpublisher=\count462
\c@publisher=\count463
\c@savedpublisher=\count464
\c@language=\count465
\c@savedlanguage=\count466
\c@origlanguage=\count467
\c@savedoriglanguage=\count468
\c@pageref=\count469
\c@savedpageref=\count470
\shorthandwidth=\skip73
\shortjournalwidth=\skip74
\shortserieswidth=\skip75
\shorttitlewidth=\skip76
\shortauthorwidth=\skip77
\shorteditorwidth=\skip78
\locallabelnumberwidth=\skip79
\locallabelalphawidth=\skip80
\localshorthandwidth=\skip81
\localshortjournalwidth=\skip82
\localshortserieswidth=\skip83
\localshorttitlewidth=\skip84
\localshortauthorwidth=\skip85
\localshorteditorwidth=\skip86
Package biblatex Info: Trying to load enhanced support for Unicode engines...
Package biblatex Info: ... file 'blx-unicode.def' found.
 (/usr/local/texlive/2026/texmf-dist/tex/latex/biblatex/blx-unicode.def)
Package biblatex Info: Trying to load compatibility code...
Package biblatex Info: ... file 'blx-compat.def' found.
 (/usr/local/texlive/2026/texmf-dist/tex/latex/biblatex/blx-compat.def
File: blx-compat.def 2025/07/10 v3.21 biblatex compatibility (PK/MW)
)
Package biblatex Info: Trying to load generic definitions...
Package biblatex Info: ... file 'biblatex.def' found.
 (/usr/local/texlive/2026/texmf-dist/tex/latex/biblatex/biblatex.def
File: biblatex.def 2025/07/10 v3.21 biblatex compatibility (PK/MW)
\c@textcitecount=\count471
\c@textcitetotal=\count472
\c@textcitemaxnames=\count473
\c@biburlbigbreakpenalty=\count474
\c@biburlbreakpenalty=\count475
\c@biburlnumpenalty=\count476
\c@biburlucpenalty=\count477
\c@biburllcpenalty=\count478
\biburlbigskip=\muskip19
\biburlnumskip=\muskip20
\biburlucskip=\muskip21
\biburllcskip=\muskip22
\c@smartand=\count479
)
Package biblatex Info: Trying to load bibliography style 'numeric'...
Package biblatex Info: ... file 'numeric.bbx' found.
 (/usr/local/texlive/2026/texmf-dist/tex/latex/biblatex/bbx/numeric.bbx
File: numeric.bbx 2025/07/10 v3.21 biblatex bibliography style (PK/MW)
Package biblatex Info: Trying to load bibliography style 'standard'...
Package biblatex Info: ... file 'standard.bbx' found.
 (/usr/local/texlive/2026/texmf-dist/tex/latex/biblatex/bbx/standard.bbx
File: standard.bbx 2025/07/10 v3.21 biblatex bibliography style (PK/MW)
\c@bbx:relatedcount=\count480
\c@bbx:relatedtotal=\count481
))
Package biblatex Info: Trying to load citation style 'numeric'...
Package biblatex Info: ... file 'numeric.cbx' found.
 (/usr/local/texlive/2026/texmf-dist/tex/latex/biblatex/cbx/numeric.cbx
File: numeric.cbx 2025/07/10 v3.21 biblatex citation style (PK/MW)
Package biblatex Info: Redefining '\cite'.
Package biblatex Info: Redefining '\parencite'.
Package biblatex Info: Redefining '\footcite'.
Package biblatex Info: Redefining '\footcitetext'.
Package biblatex Info: Redefining '\smartcite'.
Package biblatex Info: Redefining '\supercite'.
Package biblatex Info: Redefining '\textcite'.
Package biblatex Info: Redefining '\textcites'.
Package biblatex Info: Redefining '\cites'.
Package biblatex Info: Redefining '\parencites'.
Package biblatex Info: Redefining '\smartcites'.
)
Package biblatex Info: Trying to load configuration file...
Package biblatex Info: ... file 'biblatex.cfg' found.
 (/usr/local/texlive/2026/texmf-dist/tex/latex/biblatex/biblatex.cfg
File: biblatex.cfg 
)
Package biblatex Info: LuaTeX detected.
(biblatex)             Assuming input encoding 'utf8'.
Package biblatex Info: Document encoding is UTF8 ....
Package biblatex Info: ... and expl3
(biblatex)             2026-01-19 L3 programming layer (loader) 
(biblatex)             is new enough (at least 2020/04/06),
(biblatex)             setting 'casechanger=expl3'.
 (/usr/local/texlive/2026/texmf-dist/tex/latex/biblatex/blx-case-expl3.sty (/usr/local/texlive/2026/texmf-dist/tex/latex/l3packages/xparse/xparse.sty
Package: xparse 2025-10-09 L3 Experimental document command parser
)
Package: blx-case-expl3 2025/07/10 v3.21 expl3 case changing code for biblatex
))) (./sty/code.sty) (./sty/layout.sty (/usr/local/texlive/2026/texmf-dist/tex/latex/enumitem/enumitem.sty
Package: enumitem 2025/02/06 v3.11 Customized lists
\enitkv@toks@=\toks55
\labelindent=\skip87
\enit@outerparindent=\dimen321
\enit@toks=\toks56
\enit@inbox=\box94
\enit@count@id=\count482
\enitdp@description=\count483
)) (./sty/math.sty (/usr/local/texlive/2026/texmf-dist/tex/latex/amsfonts/amssymb.sty
Package: amssymb 2013/01/14 v3.01 AMS font symbols
 (/usr/local/texlive/2026/texmf-dist/tex/latex/amsfonts/amsfonts.sty
Package: amsfonts 2013/01/14 v3.01 Basic AMSFonts support
\symAMSa=\mathgroup9
\symAMSb=\mathgroup10
LaTeX Font Info:    Redeclaring math symbol \hbar on input line 98.
LaTeX Font Info:    Overwriting math alphabet `\mathfrak' in version `bold'
(Font)                  U/euf/m/n --> U/euf/b/n on input line 106.
)) (/usr/local/texlive/2026/texmf-dist/tex/latex/jknapltx/mathrsfs.sty
Package: mathrsfs 1996/01/01 Math RSFS package v1.0 (jk)
\symrsfs=\mathgroup11
) (/usr/local/texlive/2026/texmf-dist/tex/latex/mathtools/mathtools.sty
Package: mathtools 2024/10/04 v1.31 mathematical typesetting tools
 (/usr/local/texlive/2026/texmf-dist/tex/latex/tools/calc.sty
Package: calc 2025/03/01 v4.3b Infix arithmetic (KKT,FJ)
\calc@Acount=\count484
\calc@Bcount=\count485
\calc@Adimen=\dimen322
\calc@Bdimen=\dimen323
\calc@Askip=\skip88
\calc@Bskip=\skip89
LaTeX Info: Redefining \setlength on input line 86.
LaTeX Info: Redefining \addtolength on input line 87.
\calc@Ccount=\count486
\calc@Cskip=\skip90
) (/usr/local/texlive/2026/texmf-dist/tex/latex/mathtools/mhsetup.sty
Package: mhsetup 2021/03/18 v1.4 programming setup (MH)
)
\g_MT_multlinerow_int=\count487
\l_MT_multwidth_dim=\dimen324
\origjot=\skip91
\l_MT_shortvdotswithinadjustabove_dim=\dimen325
\l_MT_shortvdotswithinadjustbelow_dim=\dimen326
\l_MT_above_intertext_sep=\dimen327
\l_MT_below_intertext_sep=\dimen328
\l_MT_above_shortintertext_sep=\dimen329
\l_MT_below_shortintertext_sep=\dimen330
\xmathstrut@box=\box95
\xmathstrut@dim=\dimen331
) (/usr/local/texlive/2026/texmf-dist/tex/latex/base/fontenc.sty
Package: fontenc 2025/07/18 v2.1d Standard LaTeX package
 (/usr/local/texlive/2026/texmf-dist/tex/latex/cyrillic/ot2enc.def
File: ot2enc.def 2022/06/11 v3.3b Cyrillic encoding definition file
)
LaTeX Font Info:    Trying to load font information for T1+lmr on input line 116.
 (/usr/local/texlive/2026/texmf-dist/tex/latex/lm/t1lmr.fd
File: t1lmr.fd 2015/05/01 v1.6.1 Font defs for Latin Modern
))
\symcyrletters=\mathgroup12
) (/usr/local/texlive/2026/texmf-dist/tex/latex/hyperref/hyperref.sty
Package: hyperref 2026-01-29 v7.01p Hypertext links for LaTeX
 (/usr/local/texlive/2026/texmf-dist/tex/generic/kvdefinekeys/kvdefinekeys.sty
Package: kvdefinekeys 2019-12-19 v1.6 Define keys (HO)
) (/usr/local/texlive/2026/texmf-dist/tex/generic/pdfescape/pdfescape.sty
Package: pdfescape 2019/12/09 v1.15 Implements pdfTeX's escape features (HO)
) (/usr/local/texlive/2026/texmf-dist/tex/latex/hycolor/hycolor.sty
Package: hycolor 2020-01-27 v1.10 Color options for hyperref/bookmark (HO)
) (/usr/local/texlive/2026/texmf-dist/tex/latex/hyperref/nameref.sty
Package: nameref 2026-01-29 v2.58 Cross-referencing by name of section
 (/usr/local/texlive/2026/texmf-dist/tex/latex/refcount/refcount.sty
Package: refcount 2019/12/15 v3.6 Data extraction from label references (HO)
) (/usr/local/texlive/2026/texmf-dist/tex/generic/gettitlestring/gettitlestring.sty
Package: gettitlestring 2019/12/15 v1.6 Cleanup title references (HO)
)
\c@section@level=\count488
) (/usr/local/texlive/2026/texmf-dist/tex/generic/stringenc/stringenc.sty
Package: stringenc 2019/11/29 v1.12 Convert strings between diff. encodings (HO)
)
\@linkdim=\dimen332
\Hy@linkcounter=\count489
\Hy@pagecounter=\count490
 (/usr/local/texlive/2026/texmf-dist/tex/latex/hyperref/pd1enc.def
File: pd1enc.def 2026-01-29 v7.01p Hyperref: PDFDocEncoding definition (HO)
) (/usr/local/texlive/2026/texmf-dist/tex/generic/intcalc/intcalc.sty
Package: intcalc 2019/12/15 v1.3 Expandable calculations with integers (HO)
)
\Hy@SavedSpaceFactor=\count491
 (/usr/local/texlive/2026/texmf-dist/tex/latex/hyperref/puenc.def
File: puenc.def 2026-01-29 v7.01p Hyperref: PDF Unicode definition (HO)
)
Package hyperref Info: Hyper figures OFF on input line 4201.
Package hyperref Info: Link nesting OFF on input line 4206.
Package hyperref Info: Hyper index ON on input line 4209.
Package hyperref Info: Plain pages OFF on input line 4216.
Package hyperref Info: Backreferencing OFF on input line 4221.
Package hyperref Info: Implicit mode ON; LaTeX internals redefined.
Package hyperref Info: Bookmarks ON on input line 4468.
\c@Hy@tempcnt=\count492
LaTeX Info: Redefining \url on input line 4807.
\XeTeXLinkMargin=\dimen333
 (/usr/local/texlive/2026/texmf-dist/tex/generic/bitset/bitset.sty
Package: bitset 2019/12/09 v1.3 Handle bit-vector datatype (HO)
 (/usr/local/texlive/2026/texmf-dist/tex/generic/bigintcalc/bigintcalc.sty
Package: bigintcalc 2019/12/15 v1.5 Expandable calculations on big integers (HO)
))
\Fld@menulength=\count493
\Field@Width=\dimen334
\Fld@charsize=\dimen335
Package hyperref Info: Hyper figures OFF on input line 6084.
Package hyperref Info: Link nesting OFF on input line 6089.
Package hyperref Info: Hyper index ON on input line 6092.
Package hyperref Info: backreferencing OFF on input line 6099.
Package hyperref Info: Link coloring OFF on input line 6104.
Package hyperref Info: Link coloring with OCG OFF on input line 6109.
Package hyperref Info: PDF/A mode OFF on input line 6114.
\Hy@abspage=\count494
\c@Item=\count495
\c@Hfootnote=\count496
)
Package hyperref Info: Driver (autodetected): hluatex.
 (/usr/local/texlive/2026/texmf-dist/tex/latex/hyperref/hluatex.def
File: hluatex.def 2026-01-29 v7.01p Hyperref driver for luaTeX
\Fld@listcount=\count497
\c@bookmark@seq@number=\count498
 (/usr/local/texlive/2026/texmf-dist/tex/latex/rerunfilecheck/rerunfilecheck.sty
Package: rerunfilecheck 2025-06-21 v1.11 Rerun checks for auxiliary files (HO)
 (/usr/local/texlive/2026/texmf-dist/tex/generic/uniquecounter/uniquecounter.sty
Package: uniquecounter 2019/12/15 v1.4 Provide unlimited unique counter (HO)
)
Package uniquecounter Info: New unique counter `rerunfilecheck' on input line 284.
)
\Hy@SectionHShift=\skip92
) (/usr/local/texlive/2026/texmf-dist/tex/latex/bookmark/bookmark.sty
Package: bookmark 2023-12-10 v1.31 PDF bookmarks (HO)
 (/usr/local/texlive/2026/texmf-dist/tex/latex/bookmark/bkm-pdftex.def
File: bkm-pdftex.def 2023-12-10 v1.31 bookmark driver for pdfTeX and luaTeX (HO)
\BKM@id=\count499
))
Package hyperref Info: Option `unicode' set `true' on input line 48.
Package hyperref Info: Option `bookmarksnumbered' set `true' on input line 48.
Package hyperref Info: Option `hypertexnames' set `false' on input line 48.
 (./sty/ref.sty (/usr/local/texlive/2026/texmf-dist/tex/latex/zref-clever/zref-clever.sty
Package: zref-clever 2024-11-28 v0.5.1 Clever LaTeX cross-references based on zref
 (/usr/local/texlive/2026/texmf-dist/tex/latex/zref/zref-base.sty
Package: zref-base 2025-06-08 v2.36 Module base for zref (HO)
 (/usr/local/texlive/2026/texmf-dist/tex/generic/etexcmds/etexcmds.sty
Package: etexcmds 2019/12/15 v1.7 Avoid name clashes with e-TeX commands (HO)
) (/usr/local/texlive/2026/texmf-dist/tex/latex/auxhook/auxhook.sty
Package: auxhook 2019-12-17 v1.6 Hooks for auxiliary files (HO)
)
Package zref Info: New property list: main on input line 767.
Package zref Info: New property: default on input line 768.
Package zref Info: New property: page on input line 769.
) (/usr/local/texlive/2026/texmf-dist/tex/latex/zref/zref-user.sty
Package: zref-user 2025-06-08 v2.36 Module user for zref (HO)
) (/usr/local/texlive/2026/texmf-dist/tex/latex/zref/zref-abspage.sty
Package: zref-abspage 2025-06-08 v2.36 Module abspage for zref (HO)
\c@abspage=\count500
Package zref Info: New property: abspage on input line 67.
) (/usr/local/texlive/2026/texmf-dist/tex/latex/oberdiek/ifdraft.sty
Package: ifdraft 2016/05/16 v1.4 Detect class options draft and final (HO)
)
Package zref Info: New property: zc@counter on input line 61.
Package zref Info: New property: thecounter on input line 63.
Package zref Info: New property: zc@type on input line 73.
Package zref Info: New property: zc@cntval on input line 88.
Package zref Info: New property: zc@pgval on input line 103.
Package zref Info: New property: zc@enclval on input line 151.
Package zref Info: New property: zc@enclcnt on input line 157.
\g__zrefclever_page_format_int=\count501
Package zref Info: New property: zc@pgfmt on input line 169.
\l__zrefclever_tmpa_int=\count502
\l__zrefclever_sort_prior_a_int=\count503
\l__zrefclever_sort_prior_b_int=\count504
\l__zrefclever_type_count_int=\count505
\l__zrefclever_label_count_int=\count506
\l__zrefclever_ref_count_int=\count507
\l__zrefclever_range_count_int=\count508
\l__zrefclever_range_same_count_int=\count509
)) (./sty/theorem.sty (/usr/local/texlive/2026/texmf-dist/tex/latex/tcolorbox/tcolorbox.sty
Package: tcolorbox 2025/11/28 version 6.9.0 text color boxes
 (/usr/local/texlive/2026/texmf-dist/tex/latex/tools/verbatim.sty
Package: verbatim 2024-01-22 v1.5x LaTeX2e package for verbatim enhancements
\every@verbatim=\toks57
\verbatim@line=\toks58
\verbatim@in@stream=\read5
) (/usr/local/texlive/2026/texmf-dist/tex/latex/environ/environ.sty
Package: environ 2014/05/04 v0.3 A new way to define environments
 (/usr/local/texlive/2026/texmf-dist/tex/latex/trimspaces/trimspaces.sty
Package: trimspaces 2009/09/17 v1.1 Trim spaces around a token list
))
\tcb@titlebox=\box96
\tcb@upperbox=\box97
\tcb@lowerbox=\box98
\tcb@phantombox=\box99
\c@tcbbreakpart=\count510
\c@tcblayer=\count511
\c@tcolorbox@number=\count512
\l__tcobox_tmpa_box=\box100
\l__tcobox_tmpa_dim=\dimen336
\tcb@temp=\box101
\tcb@temp=\box102
\tcb@temp=\box103
\tcb@temp=\box104
) (/usr/local/texlive/2026/texmf-dist/tex/latex/tcolorbox/tcbbreakable.code.tex
Library (tcolorbox): 'tcbbreakable.code.tex' version '6.9.0'
(/usr/local/texlive/2026/texmf-dist/tex/latex/pdfcol/pdfcol.sty
Package: pdfcol 2022-09-21 v1.7 Handle new color stacks for pdfTeX (HO)
)
Package pdfcol Info: New color stack `tcb@breakable' = 1 on input line 23.
\tcb@testbox=\box105
\tcb@totalupperbox=\box106
\tcb@totallowerbox=\box107
) (/usr/local/texlive/2026/texmf-dist/tex/latex/tcolorbox/tcbskins.code.tex
Library (tcolorbox): 'tcbskins.code.tex' version '6.9.0'
(/usr/local/texlive/2026/texmf-dist/tex/latex/tikzfill/tikzfill.image.sty
Package: tikzfill.image 2023/08/08 v1.0.1 Image filling library for TikZ
 (/usr/local/texlive/2026/texmf-dist/tex/latex/tikzfill/tikzfill-common.sty
Package: tikzfill-common 2023/08/08 v1.0.1 Auxiliary code for tikzfill
) (/usr/local/texlive/2026/texmf-dist/tex/latex/tikzfill/tikzlibraryfill.image.code.tex
File: tikzlibraryfill.image.code.tex 2023/08/08 v1.0.1 Image filling library
\l__tikzfill_img_box=\box108
)) (/usr/local/texlive/2026/texmf-dist/tex/latex/tcolorbox/tcbskinsjigsaw.code.tex
Library (tcolorbox): 'tcbskinsjigsaw.code.tex' version '6.9.0'
)) (/usr/local/texlive/2026/texmf-dist/tex/latex/tcolorbox/tcbtheorems.code.tex
Library (tcolorbox): 'tcbtheorems.code.tex' version '6.9.0'
) (/usr/local/texlive/2026/texmf-dist/tex/latex/tcolorbox/tcbhooks.code.tex
Library (tcolorbox): 'tcbhooks.code.tex' version '6.9.0'
)
\c@tcb@cnt@thm=\count513
 (/usr/local/texlive/2026/texmf-dist/tex/latex/tcolorbox/tcblistings.code.tex
Library (tcolorbox): 'tcblistings.code.tex' version '6.9.0'
(/usr/local/texlive/2026/texmf-dist/tex/latex/listings/listings.sty
\lst@mode=\count514
\lst@gtempboxa=\box109
\lst@token=\toks59
\lst@length=\count515
\lst@currlwidth=\dimen337
\lst@column=\count516
\lst@pos=\count517
\lst@lostspace=\dimen338
\lst@width=\dimen339
\lst@newlines=\count518
\lst@lineno=\count519
\lst@maxwidth=\dimen340
 (/usr/local/texlive/2026/texmf-dist/tex/latex/listings/lstpatch.sty
File: lstpatch.sty 2025/11/14 1.11b (Carsten Heinz)
) (/usr/local/texlive/2026/texmf-dist/tex/latex/listings/lstmisc.sty
File: lstmisc.sty 2025/11/14 1.11b (Carsten Heinz)
\c@lstnumber=\count520
\lst@skipnumbers=\count521
\lst@framebox=\box110
) (/usr/local/texlive/2026/texmf-dist/tex/latex/listings/listings.cfg
File: listings.cfg 2025/11/14 1.11b listings configuration
))
Package: listings 2025/11/14 1.11b (Carsten Heinz)
 (/usr/local/texlive/2026/texmf-dist/tex/luatex/luatexja/patches/lltjp-listings.sty (/usr/local/texlive/2026/texmf-dist/tex/luatex/luatexbase/luatexbase-cctb.sty
Package: luatexbase-cctb 2015/10/04 v1.3 luatexbase interface to LuaTeX (legacy subpackage) 
)
\ltj@lst@japanese@min=\count522
\CatcodeTableLTJlistings=\catcodetable20
\ltj@lst@frame@lslimit@h=\dimen341
\ltj@lst@frame@lslimit@d=\dimen342
\@temptokenb=\toks60
 (/usr/local/texlive/2026/texmf-dist/tex/latex/listings/lstmisc.sty
File: lstmisc.sty 2025/11/14 1.11b (Carsten Heinz)
\lst@WFtoken=\toks61
\lst@WF=\write5
))
==> First Aid for listings.sty no longer applied!
    Expected:
        2024/09/23 1.10c (Carsten Heinz)
    but found:
        2025/11/14 1.11b (Carsten Heinz)
    so I'm assuming it got fixed.
(/usr/local/texlive/2026/texmf-dist/tex/latex/tcolorbox/tcblistingscore.code.tex
Library (tcolorbox): 'tcblistingscore.code.tex' version '6.9.0'
(/usr/local/texlive/2026/texmf-dist/tex/latex/tcolorbox/tcbprocessing.code.tex
Library (tcolorbox): 'tcbprocessing.code.tex' version '6.9.0'
)
\c@tcblisting=\count523
))))
\@quotelevel=\count524
\@quotereset=\count525
 (./aux/main.aux)
\openout1 = main.aux

LaTeX Font Info:    Checking defaults for OML/cmm/m/it on input line 49.
LaTeX Font Info:    ... okay on input line 49.
LaTeX Font Info:    Checking defaults for OMS/cmsy/m/n on input line 49.
LaTeX Font Info:    ... okay on input line 49.
LaTeX Font Info:    Checking defaults for OT1/cmr/m/n on input line 49.
LaTeX Font Info:    ... okay on input line 49.
LaTeX Font Info:    Checking defaults for T1/cmr/m/n on input line 49.
LaTeX Font Info:    ... okay on input line 49.
LaTeX Font Info:    Checking defaults for TS1/cmr/m/n on input line 49.
LaTeX Font Info:    ... okay on input line 49.
LaTeX Font Info:    Checking defaults for TU/lmr/m/n on input line 49.
LaTeX Font Info:    ... okay on input line 49.
LaTeX Font Info:    Checking defaults for OMX/cmex/m/n on input line 49.
LaTeX Font Info:    ... okay on input line 49.
LaTeX Font Info:    Checking defaults for U/cmr/m/n on input line 49.
LaTeX Font Info:    ... okay on input line 49.
LaTeX Font Info:    Checking defaults for JY3/mc/m/n on input line 49.
LaTeX Font Info:    ... okay on input line 49.
LaTeX Font Info:    Checking defaults for JT3/mc/m/n on input line 49.
LaTeX Font Info:    ... okay on input line 49.
LaTeX Font Info:    Checking defaults for OT2/cmr/m/n on input line 49.
LaTeX Font Info:    Trying to load font information for OT2+cmr on input line 49.
 (/usr/local/texlive/2026/texmf-dist/tex/latex/cyrillic/ot2cmr.fd
File: ot2cmr.fd 2001/08/11 v3.2c Computer Modern Cyrillic font definitions
)
LaTeX Font Info:    ... okay on input line 49.
LaTeX Font Info:    Checking defaults for PD1/pdf/m/n on input line 49.
LaTeX Font Info:    ... okay on input line 49.
LaTeX Font Info:    Checking defaults for PU/pdf/m/n on input line 49.
LaTeX Font Info:    ... okay on input line 49.
 (/usr/local/texlive/2026/texmf-dist/tex/context/base/mkii/supp-pdf.mkii
[Loading MPS to PDF converter (version 2006.09.02).]
\scratchcounter=\count526
\scratchdimen=\dimen343
\scratchbox=\box111
\nofMPsegments=\count527
\nofMParguments=\count528
\everyMPshowfont=\toks62
\MPscratchCnt=\count529
\MPscratchDim=\dimen344
\MPnumerator=\count530
\makeMPintoPDFobject=\count531
\everyMPtoPDFconversion=\toks63
) (/usr/local/texlive/2026/texmf-dist/tex/latex/epstopdf-pkg/epstopdf-base.sty
Package: epstopdf-base 2020-01-24 v2.11 Base part for package epstopdf
Package epstopdf-base Info: Redefining graphics rule for `.eps' on input line 485.
 (/usr/local/texlive/2026/texmf-dist/tex/latex/latexconfig/epstopdf-sys.cfg
File: epstopdf-sys.cfg 2010/07/13 v1.3 Configuration of (r)epstopdf for TeX Live
))
Package pgfplots notification 'compat/show suggested version=true': document has been generated with the most recent feature set (\pgfplotsset{compat=1.18}).

Package biblatex Info: Trying to load language 'english'...
Package biblatex Info: ... file 'english.lbx' found.
(/usr/local/texlive/2026/texmf-dist/tex/latex/biblatex/lbx/english.lbx
File: english.lbx 2025/07/10 v3.21 biblatex localization (PK/MW)
)
Package biblatex Info: LuaTeX detected.
(biblatex)             Assuming input encoding 'utf8'.
Package biblatex Info: Automatic encoding selection.
(biblatex)             Assuming data encoding 'utf8'.

\openout4 = main.bcf
Package biblatex Info: Trying to load bibliographic data...
Package biblatex Info: ... file 'main.bbl' found.
 (./aux/main.bbl)
Package biblatex Info: Reference section=0 on input line 49.
Package biblatex Info: Reference segment=0 on input line 49.
Package hyperref Info: Link coloring OFF on input line 49.
 (/usr/local/texlive/2026/texmf-dist/tex/latex/zref/zref-hyperref.sty
Package: zref-hyperref 2025-06-08 v2.36 Module hyperref for zref (HO)
Package zref Info: New property: anchor on input line 56.
) (/usr/local/texlive/2026/texmf-dist/tex/latex/zref-clever/zref-clever-english.lang)

Package zref-clever Info: Loaded 'english' language file.

\c@zc@appendix=\count532
Package zref Info: New property: subeq on input line 49.

Package zref-clever Info: Loaded support for 'amsmath' package.


Package zref-clever Info: Loaded support for 'mathtools' package.


Package zref-clever Info: Loaded support for 'listings' package.

\c@lstlisting=\count533
LaTeX Font Info:    Font shape `JT3/mc/m/n' will be
(Font)              scaled to size 27.5pt on input line 52.
LaTeX Font Info:    Font shape `JY3/mc/m/n' will be
(Font)              scaled to size 27.5pt on input line 52.
LaTeX Font Info:    Font shape `JT3/mc/b/n' in size <27.5> not available
(Font)              Font shape `JT3/gt/m/n' tried instead on input line 52.
LaTeX Font Info:    Font shape `JT3/gt/m/n' will be
(Font)              scaled to size 27.5pt on input line 52.
LaTeX Font Info:    Font shape `JY3/mc/b/n' in size <27.5> not available
(Font)              Font shape `JY3/gt/m/n' tried instead on input line 52.
LaTeX Font Info:    Font shape `JY3/gt/m/n' will be
(Font)              scaled to size 27.5pt on input line 52.
(load cache: extra_haranoajigothic-medium.luc)
LaTeX Font Info:    Calculating math sizes for size <27.5> on input line 52.
LaTeX Font Info:    Trying to load font information for OT1+lmr on input line 52.
 (/usr/local/texlive/2026/texmf-dist/tex/latex/lm/ot1lmr.fd
File: ot1lmr.fd 2015/05/01 v1.6.1 Font defs for Latin Modern
)
LaTeX Font Info:    Trying to load font information for OML+lmm on input line 52.
 (/usr/local/texlive/2026/texmf-dist/tex/latex/lm/omllmm.fd
File: omllmm.fd 2015/05/01 v1.6.1 Font defs for Latin Modern
)
LaTeX Font Info:    Trying to load font information for OMS+lmsy on input line 52.
 (/usr/local/texlive/2026/texmf-dist/tex/latex/lm/omslmsy.fd
File: omslmsy.fd 2015/05/01 v1.6.1 Font defs for Latin Modern
)
LaTeX Font Info:    Trying to load font information for OMX+lmex on input line 52.
 (/usr/local/texlive/2026/texmf-dist/tex/latex/lm/omxlmex.fd
File: omxlmex.fd 2015/05/01 v1.6.1 Font defs for Latin Modern
)
LaTeX Font Info:    External font `lmex10' loaded for size
(Font)              <27.5> on input line 52.
LaTeX Font Info:    External font `lmex10' loaded for size
(Font)              <19.24991> on input line 52.
LaTeX Font Info:    External font `lmex10' loaded for size
(Font)              <13.75> on input line 52.
LaTeX Font Info:    Font shape `JY3/mc/m/n' will be
(Font)              scaled to size 19.24991pt on input line 52.
LaTeX Font Info:    Font shape `JY3/mc/m/n' will be
(Font)              scaled to size 13.75pt on input line 52.
LaTeX Font Info:    Font shape `JY3/gt/m/n' will be
(Font)              scaled to size 19.24991pt on input line 52.
LaTeX Font Info:    Font shape `JY3/gt/m/n' will be
(Font)              scaled to size 13.75pt on input line 52.
LaTeX Font Info:    Trying to load font information for U+msa on input line 52.
 (/usr/local/texlive/2026/texmf-dist/tex/latex/amsfonts/umsa.fd
File: umsa.fd 2013/01/14 v3.01 AMS symbols A
)
LaTeX Font Info:    Trying to load font information for U+msb on input line 52.
 (/usr/local/texlive/2026/texmf-dist/tex/latex/amsfonts/umsb.fd
File: umsb.fd 2013/01/14 v3.01 AMS symbols B
)
LaTeX Font Info:    Trying to load font information for U+rsfs on input line 52.
 (/usr/local/texlive/2026/texmf-dist/tex/latex/jknapltx/ursfs.fd
File: ursfs.fd 1998/03/24 rsfs font definition file (jk)
)
LaTeX Font Info:    Trying to load font information for OT2+wncyr on input line 52.
 (/usr/local/texlive/2026/texmf-dist/tex/latex/cyrillic/ot2wncyr.fd
File: ot2wncyr.fd 1999/12/17 v3.2a Computer Modern Cyrillic font definitions
)
LaTeX Font Info:    Font shape `JT3/mc/b/n' in size <19.24991> not available
(Font)              Font shape `JT3/gt/m/n' tried instead on input line 52.
LaTeX Font Info:    Font shape `JT3/gt/m/n' will be
(Font)              scaled to size 19.24991pt on input line 52.
LaTeX Font Info:    Font shape `JY3/mc/b/n' in size <19.24991> not available
(Font)              Font shape `JY3/gt/m/n' tried instead on input line 52.
LaTeX Font Info:    Font shape `JY3/gt/m/n' will be
(Font)              scaled to size 19.24991pt on input line 52.
LaTeX Font Info:    Font shape `JT3/mc/m/n' will be
(Font)              scaled to size 18.7pt on input line 52.
LaTeX Font Info:    Font shape `JY3/mc/m/n' will be
(Font)              scaled to size 18.7pt on input line 52.
 [1

{/usr/local/texlive/2026/texmf-var/fonts/map/pdftex/updmap/pdftex.map}]
LaTeX Font Info:    Calculating math sizes for size <11> on input line 55.
LaTeX Font Info:    External font `lmex10' loaded for size
(Font)              <11> on input line 55.
LaTeX Font Info:    External font `lmex10' loaded for size
(Font)              <7.69997> on input line 55.
LaTeX Font Info:    External font `lmex10' loaded for size
(Font)              <5.5> on input line 55.
LaTeX Font Info:    Font shape `JY3/mc/m/n' will be
(Font)              scaled to size 7.69997pt on input line 55.
LaTeX Font Info:    Font shape `JY3/mc/m/n' will be
(Font)              scaled to size 5.5pt on input line 55.
LaTeX Font Info:    Font shape `JY3/gt/m/n' will be
(Font)              scaled to size 11.0pt on input line 55.
LaTeX Font Info:    Font shape `JY3/gt/m/n' will be
(Font)              scaled to size 7.69997pt on input line 55.
LaTeX Font Info:    Font shape `JY3/gt/m/n' will be
(Font)              scaled to size 5.5pt on input line 55.
LaTeX Font Info:    Font shape `JT3/mc/m/n' will be
(Font)              scaled to size 7.69997pt on input line 55.
LaTeX Font Info:    Trying to load font information for T1+lmtt on input line 55.
 (/usr/local/texlive/2026/texmf-dist/tex/latex/lm/t1lmtt.fd
File: t1lmtt.fd 2015/05/01 v1.6.1 Font defs for Latin Modern
) [1]
LaTeX Font Info:    Trying to load font information for T1+lmss on input line 59.
 (/usr/local/texlive/2026/texmf-dist/tex/latex/lm/t1lmss.fd
File: t1lmss.fd 2015/05/01 v1.6.1 Font defs for Latin Modern
)
LaTeX Font Info:    Font shape `JT3/gt/m/n' will be
(Font)              scaled to size 11.0pt on input line 59.
LaTeX Font Info:    Font shape `JT3/gt/b/n' in size <11> not available
(Font)              Font shape `JT3/gt/m/n' tried instead on input line 59.
LaTeX Font Info:    Font shape `JT3/gt/m/n' will be
(Font)              scaled to size 11.0pt on input line 59.
LaTeX Font Info:    Font shape `JY3/gt/b/n' in size <11> not available
(Font)              Font shape `JY3/gt/m/n' tried instead on input line 59.
LaTeX Font Info:    Font shape `JY3/gt/m/n' will be
(Font)              scaled to size 11.0pt on input line 59.
LaTeX Font Info:    Font shape `JT3/gt/b/n' in size <18.7> not available
(Font)              Font shape `JT3/gt/m/n' tried instead on input line 59.
LaTeX Font Info:    Font shape `JT3/gt/m/n' will be
(Font)              scaled to size 18.7pt on input line 59.
LaTeX Font Info:    Font shape `JY3/gt/b/n' in size <18.7> not available
(Font)              Font shape `JY3/gt/m/n' tried instead on input line 59.
LaTeX Font Info:    Font shape `JY3/gt/m/n' will be
(Font)              scaled to size 18.7pt on input line 59.
LaTeX Font Info:    Font shape `JT3/gt/b/n' in size <22> not available
(Font)              Font shape `JT3/gt/m/n' tried instead on input line 59.
LaTeX Font Info:    Font shape `JT3/gt/m/n' will be
(Font)              scaled to size 22.0pt on input line 59.
LaTeX Font Info:    Font shape `JY3/gt/b/n' in size <22> not available
(Font)              Font shape `JY3/gt/m/n' tried instead on input line 59.
LaTeX Font Info:    Font shape `JY3/gt/m/n' will be
(Font)              scaled to size 22.0pt on input line 59.
LaTeX Font Info:    Calculating math sizes for size <22> on input line 59.
LaTeX Font Info:    External font `lmex10' loaded for size
(Font)              <22> on input line 59.
LaTeX Font Info:    External font `lmex10' loaded for size
(Font)              <15.39993> on input line 59.
LaTeX Font Info:    Font shape `JY3/mc/m/n' will be
(Font)              scaled to size 22.0pt on input line 59.
LaTeX Font Info:    Font shape `JY3/mc/m/n' will be
(Font)              scaled to size 15.39993pt on input line 59.
LaTeX Font Info:    Font shape `JY3/gt/m/n' will be
(Font)              scaled to size 15.39993pt on input line 59.
 (./aux/main.toc [2])
\tf@toc=\write6

\openout6 = main.toc
 [3] (./doc/structure.tex
LaTeX Font Info:    Font shape `JT3/gt/b/n' in size <15.4> not available
(Font)              Font shape `JT3/gt/m/n' tried instead on input line 12.
LaTeX Font Info:    Font shape `JT3/gt/m/n' will be
(Font)              scaled to size 15.4pt on input line 12.
LaTeX Font Info:    Font shape `JY3/gt/b/n' in size <15.4> not available
(Font)              Font shape `JY3/gt/m/n' tried instead on input line 12.
LaTeX Font Info:    Font shape `JY3/gt/m/n' will be
(Font)              scaled to size 15.4pt on input line 12.
 [4] [5] (./img/coordinate_transform.tex (/usr/local/texlive/2026/texmf-dist/tex/generic/pgf/frontendlayer/tikz/libraries/tikzlibrarypositioning.code.tex
File: tikzlibrarypositioning.code.tex 2025-08-29 v3.1.11a (3.1.11a)
))
LaTeX Font Info:    Font shape `JT3/gt/m/n' will be
(Font)              scaled to size 9.89993pt on input line 114.
LaTeX Font Info:    Font shape `JY3/gt/m/n' will be
(Font)              scaled to size 9.89993pt on input line 114.
LaTeX Font Info:    Font shape `JT3/gt/b/n' in size <9.89993> not available
(Font)              Font shape `JT3/gt/m/n' tried instead on input line 114.
LaTeX Font Info:    Font shape `JT3/gt/m/n' will be
(Font)              scaled to size 9.89993pt on input line 114.
LaTeX Font Info:    Font shape `JY3/gt/b/n' in size <9.89993> not available
(Font)              Font shape `JY3/gt/m/n' tried instead on input line 114.
LaTeX Font Info:    Font shape `JY3/gt/m/n' will be
(Font)              scaled to size 9.89993pt on input line 114.
) (./doc/note.tex [6]) (./doc/core.tex [7]) (./doc/layout.tex [8]) (./doc/math.tex [9]
LaTeX Font Info:    Font shape `JT3/mc/b/n' in size <11> not available
(Font)              Font shape `JT3/gt/m/n' tried instead on input line 21.
LaTeX Font Info:    Font shape `JT3/gt/m/n' will be
(Font)              scaled to size 11.0pt on input line 21.
LaTeX Font Info:    Font shape `JY3/mc/b/n' in size <11> not available
(Font)              Font shape `JY3/gt/m/n' tried instead on input line 21.
LaTeX Font Info:    Font shape `JY3/gt/m/n' will be
(Font)              scaled to size 11.0pt on input line 21.
LaTeX Font Info:    Trying to load font information for U+euf on input line 24.
 (/usr/local/texlive/2026/texmf-dist/tex/latex/amsfonts/ueuf.fd
File: ueuf.fd 2013/01/14 v3.01 Euler Fraktur
) [10]) (./doc/theorem.tex [11] [12]
\g__tcobox_out_iow=\write7

\openout7 = main.listing
 (/usr/local/texlive/2026/texmf-dist/tex/latex/listings/lstlang1.sty
File: lstlang1.sty 2025/11/14 1.11b listings language file
)
Removing  `ltj.process_input_buffer' from `process_input_buffer'.
Inserting `ltj.listings_unicode' in `process_input_buffer'.
Inserting `ltj.process_input_buffer' in `process_input_buffer'. (./aux/main.listing
LaTeX Font Info:    Font shape `T1/lmtt/bx/n' in size <9.89993> not available
(Font)              Font shape `T1/lmtt/b/n' tried instead on input line 1.
LaTeX Font Info:    Font shape `JT3/mc/b/n' in size <9.89993> not available
(Font)              Font shape `JT3/gt/m/n' tried instead on input line 1.
LaTeX Font Info:    Font shape `JT3/gt/m/n' will be
(Font)              scaled to size 9.89993pt on input line 1.
LaTeX Font Info:    Font shape `JY3/mc/b/n' in size <9.89993> not available
(Font)              Font shape `JY3/gt/m/n' tried instead on input line 1.
LaTeX Font Info:    Font shape `JY3/gt/m/n' will be
(Font)              scaled to size 9.89993pt on input line 1.
)
Removing  `ltj.listings_unicode' from `process_input_buffer'.) (./doc/code.tex) (./doc/ref.tex [13]) (./doc/bib.tex [14] [15]) [16] [17

] (./aux/main.aux)
 ***********
LaTeX2e <2025-11-01>
L3 programming layer <2026-01-19>
 ***********
Package logreq Info: Writing requests to 'main.run.xml'.

\openout1 = main.run.xml
)

Here is how much of LuaTeX's memory you used:
 56584 strings out of 476076
 156562,2373549 words of node,token memory allocated
 1283 words of node memory still in use:
   12 hlist, 2 vlist, 6 rule, 2 glue, 4 kern, 2 glyph, 262 attribute, 65 glue_spec, 37 attribute_list, 2 write, 15 user_defined nodes
   avail lists: 1:15,2:38636,3:1451,4:1719,5:754,6:202,7:3914,8:46,9:2931,10:17,11:65
 77355 multiletter control sequences out of 65536+600000
 148 fonts using 95417783 bytes
 119i,12n,126p,2015b,1648s stack positions out of 10000i,1000n,20000p,200000b,200000s
{/usr/local/texlive/2026/texmf-dist/fonts/enc/dvips/lm/lm-ec.enc}{/usr/local/texlive/2026/texmf-dist/fonts/enc/dvips/lm/lm-mathit.enc}{/usr/local/texlive/2026/texmf-dist/fonts/enc/dvips/lm/lm-mathex.enc}{/usr/local/texlive/2026/texmf-dist/fonts/enc/dvips/lm/lm-mathsy.enc}{/usr/local/texlive/2026/texmf-dist/fonts/enc/dvips/lm/lm-rm.enc}{/usr/local/texlive/2026/texmf-dist/fonts/enc/dvips/lm/lm-ts1.enc}</usr/local/texlive/2026/texmf-dist/fonts/opentype/public/haranoaji/HaranoAjiMincho-Regular.otf></usr/local/texlive/2026/texmf-dist/fonts/opentype/public/haranoaji/HaranoAjiGothic-Medium.otf></usr/local/texlive/2026/texmf-dist/fonts/type1/public/amsfonts/euler/eufm10.pfb></usr/local/texlive/2026/texmf-dist/fonts/type1/public/lm/lmbx12.pfb></usr/local/texlive/2026/texmf-dist/fonts/type1/public/lm/lmex10.pfb></usr/local/texlive/2026/texmf-dist/fonts/type1/public/lm/lmmi12.pfb></usr/local/texlive/2026/texmf-dist/fonts/type1/public/lm/lmmi8.pfb></usr/local/texlive/2026/texmf-dist/fonts/type1/public/lm/lmr12.pfb></usr/local/texlive/2026/texmf-dist/fonts/type1/public/lm/lmr8.pfb></usr/local/texlive/2026/texmf-dist/fonts/type1/public/lm/lmr9.pfb></usr/local/texlive/2026/texmf-dist/fonts/type1/public/lm/lmssbx10.pfb></usr/local/texlive/2026/texmf-dist/fonts/type1/public/lm/lmsy10.pfb></usr/local/texlive/2026/texmf-dist/fonts/type1/public/lm/lmsy8.pfb></usr/local/texlive/2026/texmf-dist/fonts/type1/public/lm/lmtk10.pfb></usr/local/texlive/2026/texmf-dist/fonts/type1/public/lm/lmtt10.pfb></usr/local/texlive/2026/texmf-dist/fonts/type1/public/lm/lmtt12.pfb></usr/local/texlive/2026/texmf-dist/fonts/type1/public/amsfonts/symbols/msam10.pfb></usr/local/texlive/2026/texmf-dist/fonts/type1/public/amsfonts/symbols/msbm10.pfb></usr/local/texlive/2026/texmf-dist/fonts/type1/public/rsfs/rsfs10.pfb></usr/local/texlive/2026/texmf-dist/fonts/type1/public/amsfonts/cyrillic/wncyr10.pfb>
Output written on main.pdf (18 pages, 420560 bytes).

PDF statistics: 469 PDF objects out of 1000 (max. 8388607)
 420 compressed objects within 5 object streams
 123 named destinations out of 1000 (max. 1048576)
 328 words of extra memory for PDF output out of 10000 (max. 100000000)

